[{"metrics": {"avg_throughput": 0.462890625}, "env_grid_search": {"map_name": "pico_s00_od20_na32", "num_agents": 8, "seed": 0}, "algorithm": "Follower"}, {"metrics": {"avg_throughput": 0.39453125}, "env_grid_search": {"map_name": "pico_s00_od20_na32", "num_agents": 8, "seed": 1}, "algorithm": "Follower"}, {"metrics": {"avg_throughput": 0.4765625}, "env_grid_search": {"map_name": "pico_s00_od20_na32", "num_agents": 16, "seed": 0}, "algorithm": "Follower"}, {"metrics": {"avg_throughput": 0.607421875}, "env_grid_search": {"map_name": "pico_s00_od20_na32", "num_agents": 16, "seed": 1}, "algorithm": "Follower"}, {"metrics": {"avg_throughput": 1.345703125}, "env_grid_search": {"map_name": "pico_s00_od20_na32", "num_agents": 32, "seed": 0}, "algorithm": "Follower"}, {"metrics": {"avg_throughput": 1.41796875}, "env_grid_search": {"map_name": "pico_s00_od20_na32", "num_agents": 32, "seed": 1}, "algorithm": "Follower"}, {"metrics": {"avg_throughput": 1.89453125}, "env_grid_search": {"map_name": "pico_s00_od20_na32", "num_agents": 64, "seed": 0}, "algorithm": "Follower"}, {"metrics": {"avg_throughput": 1.9296875}, "env_grid_search": {"map_name": "pico_s00_od20_na32", "num_agents": 64, "seed": 1}, "algorithm": "Follower"}, {"metrics": {"avg_throughput": 0.3203125}, "env_grid_search": {"map_name": "pico_s01_od20_na32", "num_agents": 8, "seed": 0}, "algorithm": "Follower"}, {"metrics": {"avg_throughput": 0.26171875}, "env_grid_search": {"map_name": "pico_s01_od20_na32", "num_agents": 8, "seed": 1}, "algorithm": "Follower"}, {"metrics": {"avg_throughput": 0.9140625}, "env_grid_search": {"map_name": "pico_s01_od20_na32", "num_agents": 16, "seed": 0}, "algorithm": "Follower"}, {"metrics": {"avg_throughput": 0.693359375}, "env_grid_search": {"map_name": "pico_s01_od20_na32", "num_agents": 16, "seed": 1}, "algorithm": "Follower"}, {"metrics": {"avg_throughput": 0.888671875}, "env_grid_search": {"map_name": "pico_s01_od20_na32", "num_agents": 32, "seed": 0}, "algorithm": "Follower"}, {"metrics": {"avg_throughput": 1.080078125}, "env_grid_search": {"map_name": "pico_s01_od20_na32", "num_agents": 32, "seed": 1}, "algorithm": "Follower"}, {"metrics": {"avg_throughput": 1.26171875}, "env_grid_search": {"map_name": "pico_s01_od20_na32", "num_agents": 64, "seed": 0}, "algorithm": "Follower"}, {"metrics": {"avg_throughput": 1.248046875}, "env_grid_search": {"map_name": "pico_s01_od20_na32", "num_agents": 64, "seed": 1}, "algorithm": "Follower"}, {"metrics": {"avg_throughput": 0.3203125}, "env_grid_search": {"map_name": "pico_s02_od20_na32", "num_agents": 8, "seed": 0}, "algorithm": "Follower"}, {"metrics": {"avg_throughput": 0.375}, "env_grid_search": {"map_name": "pico_s02_od20_na32", "num_agents": 8, "seed": 1}, "algorithm": "Follower"}, {"metrics": {"avg_throughput": 1.037109375}, "env_grid_search": {"map_name": "pico_s02_od20_na32", "num_agents": 16, "seed": 0}, "algorithm": "Follower"}, {"metrics": {"avg_throughput": 0.61328125}, "env_grid_search": {"map_name": "pico_s02_od20_na32", "num_agents": 16, "seed": 1}, "algorithm": "Follower"}, {"metrics": {"avg_throughput": 1.794921875}, "env_grid_search": {"map_name": "pico_s02_od20_na32", "num_agents": 32, "seed": 0}, "algorithm": "Follower"}, {"metrics": {"avg_throughput": 1.81640625}, "env_grid_search": {"map_name": "pico_s02_od20_na32", "num_agents": 32, "seed": 1}, "algorithm": "Follower"}, {"metrics": {"avg_throughput": 2.005859375}, "env_grid_search": {"map_name": "pico_s02_od20_na32", "num_agents": 64, "seed": 0}, "algorithm": "Follower"}, {"metrics": {"avg_throughput": 1.994140625}, "env_grid_search": {"map_name": "pico_s02_od20_na32", "num_agents": 64, "seed": 1}, "algorithm": "Follower"}, {"metrics": {"avg_throughput": 0.36328125}, "env_grid_search": {"map_name": "pico_s03_od20_na32", "num_agents": 8, "seed": 0}, "algorithm": "Follower"}, {"metrics": {"avg_throughput": 0.396484375}, "env_grid_search": {"map_name": "pico_s03_od20_na32", "num_agents": 8, "seed": 1}, "algorithm": "Follower"}, {"metrics": {"avg_throughput": 1.44921875}, "env_grid_search": {"map_name": "pico_s03_od20_na32", "num_agents": 16, "seed": 0}, "algorithm": "Follower"}, {"metrics": {"avg_throughput": 1.064453125}, "env_grid_search": {"map_name": "pico_s03_od20_na32", "num_agents": 16, "seed": 1}, "algorithm": "Follower"}, {"metrics": {"avg_throughput": 1.109375}, "env_grid_search": {"map_name": "pico_s03_od20_na32", "num_agents": 32, "seed": 0}, "algorithm": "Follower"}, {"metrics": {"avg_throughput": 0.818359375}, "env_grid_search": {"map_name": "pico_s03_od20_na32", "num_agents": 32, "seed": 1}, "algorithm": "Follower"}, {"metrics": {"avg_throughput": 2.025390625}, "env_grid_search": {"map_name": "pico_s03_od20_na32", "num_agents": 64, "seed": 0}, "algorithm": "Follower"}, {"metrics": {"avg_throughput": 1.466796875}, "env_grid_search": {"map_name": "pico_s03_od20_na32", "num_agents": 64, "seed": 1}, "algorithm": "Follower"}, {"metrics": {"avg_throughput": 0.37109375}, "env_grid_search": {"map_name": "pico_s04_od20_na32", "num_agents": 8, "seed": 0}, "algorithm": "Follower"}, {"metrics": {"avg_throughput": 0.369140625}, "env_grid_search": {"map_name": "pico_s04_od20_na32", "num_agents": 8, "seed": 1}, "algorithm": "Follower"}, {"metrics": {"avg_throughput": 0.826171875}, "env_grid_search": {"map_name": "pico_s04_od20_na32", "num_agents": 16, "seed": 0}, "algorithm": "Follower"}, {"metrics": {"avg_throughput": 0.82421875}, "env_grid_search": {"map_name": "pico_s04_od20_na32", "num_agents": 16, "seed": 1}, "algorithm": "Follower"}, {"metrics": {"avg_throughput": 0.84375}, "env_grid_search": {"map_name": "pico_s04_od20_na32", "num_agents": 32, "seed": 0}, "algorithm": "Follower"}, {"metrics": {"avg_throughput": 0.818359375}, "env_grid_search": {"map_name": "pico_s04_od20_na32", "num_agents": 32, "seed": 1}, "algorithm": "Follower"}, {"metrics": {"avg_throughput": 2.09765625}, "env_grid_search": {"map_name": "pico_s04_od20_na32", "num_agents": 64, "seed": 0}, "algorithm": "Follower"}, {"metrics": {"avg_throughput": 2.0859375}, "env_grid_search": {"map_name": "pico_s04_od20_na32", "num_agents": 64, "seed": 1}, "algorithm": "Follower"}, {"metrics": {"avg_throughput": 0.357421875}, "env_grid_search": {"map_name": "pico_s05_od20_na32", "num_agents": 8, "seed": 0}, "algorithm": "Follower"}, {"metrics": {"avg_throughput": 0.345703125}, "env_grid_search": {"map_name": "pico_s05_od20_na32", "num_agents": 8, "seed": 1}, "algorithm": "Follower"}, {"metrics": {"avg_throughput": 0.568359375}, "env_grid_search": {"map_name": "pico_s05_od20_na32", "num_agents": 16, "seed": 0}, "algorithm": "Follower"}, {"metrics": {"avg_throughput": 0.521484375}, "env_grid_search": {"map_name": "pico_s05_od20_na32", "num_agents": 16, "seed": 1}, "algorithm": "Follower"}, {"metrics": {"avg_throughput": 1.421875}, "env_grid_search": {"map_name": "pico_s05_od20_na32", "num_agents": 32, "seed": 0}, "algorithm": "Follower"}, {"metrics": {"avg_throughput": 1.232421875}, "env_grid_search": {"map_name": "pico_s05_od20_na32", "num_agents": 32, "seed": 1}, "algorithm": "Follower"}, {"metrics": {"avg_throughput": 1.6171875}, "env_grid_search": {"map_name": "pico_s05_od20_na32", "num_agents": 64, "seed": 0}, "algorithm": "Follower"}, {"metrics": {"avg_throughput": 1.689453125}, "env_grid_search": {"map_name": "pico_s05_od20_na32", "num_agents": 64, "seed": 1}, "algorithm": "Follower"}, {"metrics": {"avg_throughput": 0.35546875}, "env_grid_search": {"map_name": "pico_s06_od20_na32", "num_agents": 8, "seed": 0}, "algorithm": "Follower"}, {"metrics": {"avg_throughput": 0.361328125}, "env_grid_search": {"map_name": "pico_s06_od20_na32", "num_agents": 8, "seed": 1}, "algorithm": "Follower"}, {"metrics": {"avg_throughput": 0.47265625}, "env_grid_search": {"map_name": "pico_s06_od20_na32", "num_agents": 16, "seed": 0}, "algorithm": "Follower"}, {"metrics": {"avg_throughput": 0.5078125}, "env_grid_search": {"map_name": "pico_s06_od20_na32", "num_agents": 16, "seed": 1}, "algorithm": "Follower"}, {"metrics": {"avg_throughput": 1.552734375}, "env_grid_search": {"map_name": "pico_s06_od20_na32", "num_agents": 32, "seed": 0}, "algorithm": "Follower"}, {"metrics": {"avg_throughput": 1.529296875}, "env_grid_search": {"map_name": "pico_s06_od20_na32", "num_agents": 32, "seed": 1}, "algorithm": "Follower"}, {"metrics": {"avg_throughput": 1.94140625}, "env_grid_search": {"map_name": "pico_s06_od20_na32", "num_agents": 64, "seed": 0}, "algorithm": "Follower"}, {"metrics": {"avg_throughput": 1.994140625}, "env_grid_search": {"map_name": "pico_s06_od20_na32", "num_agents": 64, "seed": 1}, "algorithm": "Follower"}, {"metrics": {"avg_throughput": 0.373046875}, "env_grid_search": {"map_name": "pico_s07_od20_na32", "num_agents": 8, "seed": 0}, "algorithm": "Follower"}, {"metrics": {"avg_throughput": 0.357421875}, "env_grid_search": {"map_name": "pico_s07_od20_na32", "num_agents": 8, "seed": 1}, "algorithm": "Follower"}, {"metrics": {"avg_throughput": 0.5}, "env_grid_search": {"map_name": "pico_s07_od20_na32", "num_agents": 16, "seed": 0}, "algorithm": "Follower"}, {"metrics": {"avg_throughput": 0.609375}, "env_grid_search": {"map_name": "pico_s07_od20_na32", "num_agents": 16, "seed": 1}, "algorithm": "Follower"}, {"metrics": {"avg_throughput": 0.966796875}, "env_grid_search": {"map_name": "pico_s07_od20_na32", "num_agents": 32, "seed": 0}, "algorithm": "Follower"}, {"metrics": {"avg_throughput": 1.53125}, "env_grid_search": {"map_name": "pico_s07_od20_na32", "num_agents": 32, "seed": 1}, "algorithm": "Follower"}, {"metrics": {"avg_throughput": 1.76171875}, "env_grid_search": {"map_name": "pico_s07_od20_na32", "num_agents": 64, "seed": 0}, "algorithm": "Follower"}, {"metrics": {"avg_throughput": 1.802734375}, "env_grid_search": {"map_name": "pico_s07_od20_na32", "num_agents": 64, "seed": 1}, "algorithm": "Follower"}, {"metrics": {"avg_throughput": 0.3125}, "env_grid_search": {"map_name": "pico_s08_od20_na32", "num_agents": 8, "seed": 0}, "algorithm": "Follower"}, {"metrics": {"avg_throughput": 0.55859375}, "env_grid_search": {"map_name": "pico_s08_od20_na32", "num_agents": 8, "seed": 1}, "algorithm": "Follower"}, {"metrics": {"avg_throughput": 0.5}, "env_grid_search": {"map_name": "pico_s08_od20_na32", "num_agents": 16, "seed": 0}, "algorithm": "Follower"}, {"metrics": {"avg_throughput": 0.5}, "env_grid_search": {"map_name": "pico_s08_od20_na32", "num_agents": 16, "seed": 1}, "algorithm": "Follower"}, {"metrics": {"avg_throughput": 1.783203125}, "env_grid_search": {"map_name": "pico_s08_od20_na32", "num_agents": 32, "seed": 0}, "algorithm": "Follower"}, {"metrics": {"avg_throughput": 1.80078125}, "env_grid_search": {"map_name": "pico_s08_od20_na32", "num_agents": 32, "seed": 1}, "algorithm": "Follower"}, {"metrics": {"avg_throughput": 1.650390625}, "env_grid_search": {"map_name": "pico_s08_od20_na32", "num_agents": 64, "seed": 0}, "algorithm": "Follower"}, {"metrics": {"avg_throughput": 1.689453125}, "env_grid_search": {"map_name": "pico_s08_od20_na32", "num_agents": 64, "seed": 1}, "algorithm": "Follower"}, {"metrics": {"avg_throughput": 0.533203125}, "env_grid_search": {"map_name": "pico_s09_od20_na32", "num_agents": 8, "seed": 0}, "algorithm": "Follower"}, {"metrics": {"avg_throughput": 0.54296875}, "env_grid_search": {"map_name": "pico_s09_od20_na32", "num_agents": 8, "seed": 1}, "algorithm": "Follower"}, {"metrics": {"avg_throughput": 0.51171875}, "env_grid_search": {"map_name": "pico_s09_od20_na32", "num_agents": 16, "seed": 0}, "algorithm": "Follower"}, {"metrics": {"avg_throughput": 0.48046875}, "env_grid_search": {"map_name": "pico_s09_od20_na32", "num_agents": 16, "seed": 1}, "algorithm": "Follower"}, {"metrics": {"avg_throughput": 1.640625}, "env_grid_search": {"map_name": "pico_s09_od20_na32", "num_agents": 32, "seed": 0}, "algorithm": "Follower"}, {"metrics": {"avg_throughput": 1.67578125}, "env_grid_search": {"map_name": "pico_s09_od20_na32", "num_agents": 32, "seed": 1}, "algorithm": "Follower"}, {"metrics": {"avg_throughput": 1.828125}, "env_grid_search": {"map_name": "pico_s09_od20_na32", "num_agents": 64, "seed": 0}, "algorithm": "Follower"}, {"metrics": {"avg_throughput": 1.84375}, "env_grid_search": {"map_name": "pico_s09_od20_na32", "num_agents": 64, "seed": 1}, "algorithm": "Follower"}, {"metrics": {"avg_throughput": 0.54296875}, "env_grid_search": {"map_name": "pico_s10_od10_na32", "num_agents": 8, "seed": 0}, "algorithm": "Follower"}, {"metrics": {"avg_throughput": 0.576171875}, "env_grid_search": {"map_name": "pico_s10_od10_na32", "num_agents": 8, "seed": 1}, "algorithm": "Follower"}, {"metrics": {"avg_throughput": 0.5}, "env_grid_search": {"map_name": "pico_s10_od10_na32", "num_agents": 16, "seed": 0}, "algorithm": "Follower"}, {"metrics": {"avg_throughput": 0.517578125}, "env_grid_search": {"map_name": "pico_s10_od10_na32", "num_agents": 16, "seed": 1}, "algorithm": "Follower"}, {"metrics": {"avg_throughput": 1.75}, "env_grid_search": {"map_name": "pico_s10_od10_na32", "num_agents": 32, "seed": 0}, "algorithm": "Follower"}, {"metrics": {"avg_throughput": 1.7578125}, "env_grid_search": {"map_name": "pico_s10_od10_na32", "num_agents": 32, "seed": 1}, "algorithm": "Follower"}, {"metrics": {"avg_throughput": 2.12890625}, "env_grid_search": {"map_name": "pico_s10_od10_na32", "num_agents": 64, "seed": 0}, "algorithm": "Follower"}, {"metrics": {"avg_throughput": 2.1953125}, "env_grid_search": {"map_name": "pico_s10_od10_na32", "num_agents": 64, "seed": 1}, "algorithm": "Follower"}, {"metrics": {"avg_throughput": 0.53515625}, "env_grid_search": {"map_name": "pico_s11_od10_na32", "num_agents": 8, "seed": 0}, "algorithm": "Follower"}, {"metrics": {"avg_throughput": 0.5546875}, "env_grid_search": {"map_name": "pico_s11_od10_na32", "num_agents": 8, "seed": 1}, "algorithm": "Follower"}, {"metrics": {"avg_throughput": 1.05078125}, "env_grid_search": {"map_name": "pico_s11_od10_na32", "num_agents": 16, "seed": 0}, "algorithm": "Follower"}, {"metrics": {"avg_throughput": 1.052734375}, "env_grid_search": {"map_name": "pico_s11_od10_na32", "num_agents": 16, "seed": 1}, "algorithm": "Follower"}, {"metrics": {"avg_throughput": 1.705078125}, "env_grid_search": {"map_name": "pico_s11_od10_na32", "num_agents": 32, "seed": 0}, "algorithm": "Follower"}, {"metrics": {"avg_throughput": 1.89453125}, "env_grid_search": {"map_name": "pico_s11_od10_na32", "num_agents": 32, "seed": 1}, "algorithm": "Follower"}, {"metrics": {"avg_throughput": 2.009765625}, "env_grid_search": {"map_name": "pico_s11_od10_na32", "num_agents": 64, "seed": 0}, "algorithm": "Follower"}, {"metrics": {"avg_throughput": 1.984375}, "env_grid_search": {"map_name": "pico_s11_od10_na32", "num_agents": 64, "seed": 1}, "algorithm": "Follower"}, {"metrics": {"avg_throughput": 0.478515625}, "env_grid_search": {"map_name": "pico_s12_od10_na32", "num_agents": 8, "seed": 0}, "algorithm": "Follower"}, {"metrics": {"avg_throughput": 0.556640625}, "env_grid_search": {"map_name": "pico_s12_od10_na32", "num_agents": 8, "seed": 1}, "algorithm": "Follower"}, {"metrics": {"avg_throughput": 0.603515625}, "env_grid_search": {"map_name": "pico_s12_od10_na32", "num_agents": 16, "seed": 0}, "algorithm": "Follower"}, {"metrics": {"avg_throughput": 0.62109375}, "env_grid_search": {"map_name": "pico_s12_od10_na32", "num_agents": 16, "seed": 1}, "algorithm": "Follower"}, {"metrics": {"avg_throughput": 1.734375}, "env_grid_search": {"map_name": "pico_s12_od10_na32", "num_agents": 32, "seed": 0}, "algorithm": "Follower"}, {"metrics": {"avg_throughput": 1.69921875}, "env_grid_search": {"map_name": "pico_s12_od10_na32", "num_agents": 32, "seed": 1}, "algorithm": "Follower"}, {"metrics": {"avg_throughput": 2.029296875}, "env_grid_search": {"map_name": "pico_s12_od10_na32", "num_agents": 64, "seed": 0}, "algorithm": "Follower"}, {"metrics": {"avg_throughput": 2.091796875}, "env_grid_search": {"map_name": "pico_s12_od10_na32", "num_agents": 64, "seed": 1}, "algorithm": "Follower"}, {"metrics": {"avg_throughput": 0.484375}, "env_grid_search": {"map_name": "pico_s13_od10_na32", "num_agents": 8, "seed": 0}, "algorithm": "Follower"}, {"metrics": {"avg_throughput": 0.533203125}, "env_grid_search": {"map_name": "pico_s13_od10_na32", "num_agents": 8, "seed": 1}, "algorithm": "Follower"}, {"metrics": {"avg_throughput": 0.650390625}, "env_grid_search": {"map_name": "pico_s13_od10_na32", "num_agents": 16, "seed": 0}, "algorithm": "Follower"}, {"metrics": {"avg_throughput": 0.642578125}, "env_grid_search": {"map_name": "pico_s13_od10_na32", "num_agents": 16, "seed": 1}, "algorithm": "Follower"}, {"metrics": {"avg_throughput": 1.517578125}, "env_grid_search": {"map_name": "pico_s13_od10_na32", "num_agents": 32, "seed": 0}, "algorithm": "Follower"}, {"metrics": {"avg_throughput": 1.5625}, "env_grid_search": {"map_name": "pico_s13_od10_na32", "num_agents": 32, "seed": 1}, "algorithm": "Follower"}, {"metrics": {"avg_throughput": 2.046875}, "env_grid_search": {"map_name": "pico_s13_od10_na32", "num_agents": 64, "seed": 0}, "algorithm": "Follower"}, {"metrics": {"avg_throughput": 2.166015625}, "env_grid_search": {"map_name": "pico_s13_od10_na32", "num_agents": 64, "seed": 1}, "algorithm": "Follower"}, {"metrics": {"avg_throughput": 0.48046875}, "env_grid_search": {"map_name": "pico_s14_od10_na32", "num_agents": 8, "seed": 0}, "algorithm": "Follower"}, {"metrics": {"avg_throughput": 0.505859375}, "env_grid_search": {"map_name": "pico_s14_od10_na32", "num_agents": 8, "seed": 1}, "algorithm": "Follower"}, {"metrics": {"avg_throughput": 0.623046875}, "env_grid_search": {"map_name": "pico_s14_od10_na32", "num_agents": 16, "seed": 0}, "algorithm": "Follower"}, {"metrics": {"avg_throughput": 0.62890625}, "env_grid_search": {"map_name": "pico_s14_od10_na32", "num_agents": 16, "seed": 1}, "algorithm": "Follower"}, {"metrics": {"avg_throughput": 1.55859375}, "env_grid_search": {"map_name": "pico_s14_od10_na32", "num_agents": 32, "seed": 0}, "algorithm": "Follower"}, {"metrics": {"avg_throughput": 1.55859375}, "env_grid_search": {"map_name": "pico_s14_od10_na32", "num_agents": 32, "seed": 1}, "algorithm": "Follower"}, {"metrics": {"avg_throughput": 2.119140625}, "env_grid_search": {"map_name": "pico_s14_od10_na32", "num_agents": 64, "seed": 0}, "algorithm": "Follower"}, {"metrics": {"avg_throughput": 2.44921875}, "env_grid_search": {"map_name": "pico_s14_od10_na32", "num_agents": 64, "seed": 1}, "algorithm": "Follower"}, {"metrics": {"avg_throughput": 0.50390625}, "env_grid_search": {"map_name": "pico_s15_od10_na32", "num_agents": 8, "seed": 0}, "algorithm": "Follower"}, {"metrics": {"avg_throughput": 0.49609375}, "env_grid_search": {"map_name": "pico_s15_od10_na32", "num_agents": 8, "seed": 1}, "algorithm": "Follower"}, {"metrics": {"avg_throughput": 1.099609375}, "env_grid_search": {"map_name": "pico_s15_od10_na32", "num_agents": 16, "seed": 0}, "algorithm": "Follower"}, {"metrics": {"avg_throughput": 0.84375}, "env_grid_search": {"map_name": "pico_s15_od10_na32", "num_agents": 16, "seed": 1}, "algorithm": "Follower"}, {"metrics": {"avg_throughput": 1.7578125}, "env_grid_search": {"map_name": "pico_s15_od10_na32", "num_agents": 32, "seed": 0}, "algorithm": "Follower"}, {"metrics": {"avg_throughput": 1.98828125}, "env_grid_search": {"map_name": "pico_s15_od10_na32", "num_agents": 32, "seed": 1}, "algorithm": "Follower"}, {"metrics": {"avg_throughput": 2.431640625}, "env_grid_search": {"map_name": "pico_s15_od10_na32", "num_agents": 64, "seed": 0}, "algorithm": "Follower"}, {"metrics": {"avg_throughput": 2.87109375}, "env_grid_search": {"map_name": "pico_s15_od10_na32", "num_agents": 64, "seed": 1}, "algorithm": "Follower"}, {"metrics": {"avg_throughput": 0.484375}, "env_grid_search": {"map_name": "pico_s16_od10_na32", "num_agents": 8, "seed": 0}, "algorithm": "Follower"}, {"metrics": {"avg_throughput": 0.50390625}, "env_grid_search": {"map_name": "pico_s16_od10_na32", "num_agents": 8, "seed": 1}, "algorithm": "Follower"}, {"metrics": {"avg_throughput": 0.861328125}, "env_grid_search": {"map_name": "pico_s16_od10_na32", "num_agents": 16, "seed": 0}, "algorithm": "Follower"}, {"metrics": {"avg_throughput": 0.888671875}, "env_grid_search": {"map_name": "pico_s16_od10_na32", "num_agents": 16, "seed": 1}, "algorithm": "Follower"}, {"metrics": {"avg_throughput": 0.919921875}, "env_grid_search": {"map_name": "pico_s16_od10_na32", "num_agents": 32, "seed": 0}, "algorithm": "Follower"}, {"metrics": {"avg_throughput": 0.974609375}, "env_grid_search": {"map_name": "pico_s16_od10_na32", "num_agents": 32, "seed": 1}, "algorithm": "Follower"}, {"metrics": {"avg_throughput": 3.29296875}, "env_grid_search": {"map_name": "pico_s16_od10_na32", "num_agents": 64, "seed": 0}, "algorithm": "Follower"}, {"metrics": {"avg_throughput": 3.36328125}, "env_grid_search": {"map_name": "pico_s16_od10_na32", "num_agents": 64, "seed": 1}, "algorithm": "Follower"}, {"metrics": {"avg_throughput": 0.5}, "env_grid_search": {"map_name": "pico_s17_od10_na32", "num_agents": 8, "seed": 0}, "algorithm": "Follower"}, {"metrics": {"avg_throughput": 0.53515625}, "env_grid_search": {"map_name": "pico_s17_od10_na32", "num_agents": 8, "seed": 1}, "algorithm": "Follower"}, {"metrics": {"avg_throughput": 0.861328125}, "env_grid_search": {"map_name": "pico_s17_od10_na32", "num_agents": 16, "seed": 0}, "algorithm": "Follower"}, {"metrics": {"avg_throughput": 0.8984375}, "env_grid_search": {"map_name": "pico_s17_od10_na32", "num_agents": 16, "seed": 1}, "algorithm": "Follower"}, {"metrics": {"avg_throughput": 0.958984375}, "env_grid_search": {"map_name": "pico_s17_od10_na32", "num_agents": 32, "seed": 0}, "algorithm": "Follower"}, {"metrics": {"avg_throughput": 0.966796875}, "env_grid_search": {"map_name": "pico_s17_od10_na32", "num_agents": 32, "seed": 1}, "algorithm": "Follower"}, {"metrics": {"avg_throughput": 3.4375}, "env_grid_search": {"map_name": "pico_s17_od10_na32", "num_agents": 64, "seed": 0}, "algorithm": "Follower"}, {"metrics": {"avg_throughput": 3.525390625}, "env_grid_search": {"map_name": "pico_s17_od10_na32", "num_agents": 64, "seed": 1}, "algorithm": "Follower"}, {"metrics": {"avg_throughput": 0.490234375}, "env_grid_search": {"map_name": "pico_s18_od10_na32", "num_agents": 8, "seed": 0}, "algorithm": "Follower"}, {"metrics": {"avg_throughput": 0.533203125}, "env_grid_search": {"map_name": "pico_s18_od10_na32", "num_agents": 8, "seed": 1}, "algorithm": "Follower"}, {"metrics": {"avg_throughput": 0.982421875}, "env_grid_search": {"map_name": "pico_s18_od10_na32", "num_agents": 16, "seed": 0}, "algorithm": "Follower"}, {"metrics": {"avg_throughput": 1.021484375}, "env_grid_search": {"map_name": "pico_s18_od10_na32", "num_agents": 16, "seed": 1}, "algorithm": "Follower"}, {"metrics": {"avg_throughput": 0.9140625}, "env_grid_search": {"map_name": "pico_s18_od10_na32", "num_agents": 32, "seed": 0}, "algorithm": "Follower"}, {"metrics": {"avg_throughput": 0.94140625}, "env_grid_search": {"map_name": "pico_s18_od10_na32", "num_agents": 32, "seed": 1}, "algorithm": "Follower"}, {"metrics": {"avg_throughput": 3.3359375}, "env_grid_search": {"map_name": "pico_s18_od10_na32", "num_agents": 64, "seed": 0}, "algorithm": "Follower"}, {"metrics": {"avg_throughput": 3.39453125}, "env_grid_search": {"map_name": "pico_s18_od10_na32", "num_agents": 64, "seed": 1}, "algorithm": "Follower"}, {"metrics": {"avg_throughput": 0.572265625}, "env_grid_search": {"map_name": "pico_s19_od10_na32", "num_agents": 8, "seed": 0}, "algorithm": "Follower"}, {"metrics": {"avg_throughput": 0.357421875}, "env_grid_search": {"map_name": "pico_s19_od10_na32", "num_agents": 8, "seed": 1}, "algorithm": "Follower"}, {"metrics": {"avg_throughput": 1.091796875}, "env_grid_search": {"map_name": "pico_s19_od10_na32", "num_agents": 16, "seed": 0}, "algorithm": "Follower"}, {"metrics": {"avg_throughput": 1.158203125}, "env_grid_search": {"map_name": "pico_s19_od10_na32", "num_agents": 16, "seed": 1}, "algorithm": "Follower"}, {"metrics": {"avg_throughput": 0.98046875}, "env_grid_search": {"map_name": "pico_s19_od10_na32", "num_agents": 32, "seed": 0}, "algorithm": "Follower"}, {"metrics": {"avg_throughput": 1.314453125}, "env_grid_search": {"map_name": "pico_s19_od10_na32", "num_agents": 32, "seed": 1}, "algorithm": "Follower"}, {"metrics": {"avg_throughput": 4.05859375}, "env_grid_search": {"map_name": "pico_s19_od10_na32", "num_agents": 64, "seed": 0}, "algorithm": "Follower"}, {"metrics": {"avg_throughput": 2.33203125}, "env_grid_search": {"map_name": "pico_s19_od10_na32", "num_agents": 64, "seed": 1}, "algorithm": "Follower"}, {"metrics": {"avg_throughput": 0.443359375}, "env_grid_search": {"map_name": "pico_s20_od30_na32", "num_agents": 8, "seed": 0}, "algorithm": "Follower"}, {"metrics": {"avg_throughput": 0.248046875}, "env_grid_search": {"map_name": "pico_s20_od30_na32", "num_agents": 8, "seed": 1}, "algorithm": "Follower"}, {"metrics": {"avg_throughput": 0.962890625}, "env_grid_search": {"map_name": "pico_s20_od30_na32", "num_agents": 16, "seed": 0}, "algorithm": "Follower"}, {"metrics": {"avg_throughput": 0.9765625}, "env_grid_search": {"map_name": "pico_s20_od30_na32", "num_agents": 16, "seed": 1}, "algorithm": "Follower"}, {"metrics": {"avg_throughput": 1.62109375}, "env_grid_search": {"map_name": "pico_s20_od30_na32", "num_agents": 32, "seed": 0}, "algorithm": "Follower"}, {"metrics": {"avg_throughput": 1.0859375}, "env_grid_search": {"map_name": "pico_s20_od30_na32", "num_agents": 32, "seed": 1}, "algorithm": "Follower"}, {"metrics": {"avg_throughput": 1.361328125}, "env_grid_search": {"map_name": "pico_s20_od30_na32", "num_agents": 64, "seed": 0}, "algorithm": "Follower"}, {"metrics": {"avg_throughput": 1.72265625}, "env_grid_search": {"map_name": "pico_s20_od30_na32", "num_agents": 64, "seed": 1}, "algorithm": "Follower"}, {"metrics": {"avg_throughput": 0.201171875}, "env_grid_search": {"map_name": "pico_s21_od30_na32", "num_agents": 8, "seed": 0}, "algorithm": "Follower"}, {"metrics": {"avg_throughput": 0.212890625}, "env_grid_search": {"map_name": "pico_s21_od30_na32", "num_agents": 8, "seed": 1}, "algorithm": "Follower"}, {"metrics": {"avg_throughput": 0.4921875}, "env_grid_search": {"map_name": "pico_s21_od30_na32", "num_agents": 16, "seed": 0}, "algorithm": "Follower"}, {"metrics": {"avg_throughput": 0.560546875}, "env_grid_search": {"map_name": "pico_s21_od30_na32", "num_agents": 16, "seed": 1}, "algorithm": "Follower"}, {"metrics": {"avg_throughput": 0.70703125}, "env_grid_search": {"map_name": "pico_s21_od30_na32", "num_agents": 32, "seed": 0}, "algorithm": "Follower"}, {"metrics": {"avg_throughput": 0.7109375}, "env_grid_search": {"map_name": "pico_s21_od30_na32", "num_agents": 32, "seed": 1}, "algorithm": "Follower"}, {"metrics": {"avg_throughput": 0.603515625}, "env_grid_search": {"map_name": "pico_s21_od30_na32", "num_agents": 64, "seed": 0}, "algorithm": "Follower"}, {"metrics": {"avg_throughput": 0.462890625}, "env_grid_search": {"map_name": "pico_s21_od30_na32", "num_agents": 64, "seed": 1}, "algorithm": "Follower"}, {"metrics": {"avg_throughput": 0.521484375}, "env_grid_search": {"map_name": "pico_s22_od30_na32", "num_agents": 8, "seed": 0}, "algorithm": "Follower"}, {"metrics": {"avg_throughput": 0.296875}, "env_grid_search": {"map_name": "pico_s22_od30_na32", "num_agents": 8, "seed": 1}, "algorithm": "Follower"}, {"metrics": {"avg_throughput": 1.37109375}, "env_grid_search": {"map_name": "pico_s22_od30_na32", "num_agents": 16, "seed": 0}, "algorithm": "Follower"}, {"metrics": {"avg_throughput": 1.171875}, "env_grid_search": {"map_name": "pico_s22_od30_na32", "num_agents": 16, "seed": 1}, "algorithm": "Follower"}, {"metrics": {"avg_throughput": 1.998046875}, "env_grid_search": {"map_name": "pico_s22_od30_na32", "num_agents": 32, "seed": 0}, "algorithm": "Follower"}, {"metrics": {"avg_throughput": 1.45703125}, "env_grid_search": {"map_name": "pico_s22_od30_na32", "num_agents": 32, "seed": 1}, "algorithm": "Follower"}, {"metrics": {"avg_throughput": 2.09765625}, "env_grid_search": {"map_name": "pico_s22_od30_na32", "num_agents": 64, "seed": 0}, "algorithm": "Follower"}, {"metrics": {"avg_throughput": 2.4296875}, "env_grid_search": {"map_name": "pico_s22_od30_na32", "num_agents": 64, "seed": 1}, "algorithm": "Follower"}, {"metrics": {"avg_throughput": 0.34765625}, "env_grid_search": {"map_name": "pico_s23_od30_na32", "num_agents": 8, "seed": 0}, "algorithm": "Follower"}, {"metrics": {"avg_throughput": 0.2734375}, "env_grid_search": {"map_name": "pico_s23_od30_na32", "num_agents": 8, "seed": 1}, "algorithm": "Follower"}, {"metrics": {"avg_throughput": 0.869140625}, "env_grid_search": {"map_name": "pico_s23_od30_na32", "num_agents": 16, "seed": 0}, "algorithm": "Follower"}, {"metrics": {"avg_throughput": 0.630859375}, "env_grid_search": {"map_name": "pico_s23_od30_na32", "num_agents": 16, "seed": 1}, "algorithm": "Follower"}, {"metrics": {"avg_throughput": 1.0859375}, "env_grid_search": {"map_name": "pico_s23_od30_na32", "num_agents": 32, "seed": 0}, "algorithm": "Follower"}, {"metrics": {"avg_throughput": 0.94921875}, "env_grid_search": {"map_name": "pico_s23_od30_na32", "num_agents": 32, "seed": 1}, "algorithm": "Follower"}, {"metrics": {"avg_throughput": 1.263671875}, "env_grid_search": {"map_name": "pico_s23_od30_na32", "num_agents": 64, "seed": 0}, "algorithm": "Follower"}, {"metrics": {"avg_throughput": 0.96484375}, "env_grid_search": {"map_name": "pico_s23_od30_na32", "num_agents": 64, "seed": 1}, "algorithm": "Follower"}, {"metrics": {"avg_throughput": 0.18359375}, "env_grid_search": {"map_name": "pico_s24_od30_na32", "num_agents": 8, "seed": 0}, "algorithm": "Follower"}, {"metrics": {"avg_throughput": 0.361328125}, "env_grid_search": {"map_name": "pico_s24_od30_na32", "num_agents": 8, "seed": 1}, "algorithm": "Follower"}, {"metrics": {"avg_throughput": 0.685546875}, "env_grid_search": {"map_name": "pico_s24_od30_na32", "num_agents": 16, "seed": 0}, "algorithm": "Follower"}, {"metrics": {"avg_throughput": 0.998046875}, "env_grid_search": {"map_name": "pico_s24_od30_na32", "num_agents": 16, "seed": 1}, "algorithm": "Follower"}, {"metrics": {"avg_throughput": 0.736328125}, "env_grid_search": {"map_name": "pico_s24_od30_na32", "num_agents": 32, "seed": 0}, "algorithm": "Follower"}, {"metrics": {"avg_throughput": 0.453125}, "env_grid_search": {"map_name": "pico_s24_od30_na32", "num_agents": 32, "seed": 1}, "algorithm": "Follower"}, {"metrics": {"avg_throughput": 0.89453125}, "env_grid_search": {"map_name": "pico_s24_od30_na32", "num_agents": 64, "seed": 0}, "algorithm": "Follower"}, {"metrics": {"avg_throughput": 0.60546875}, "env_grid_search": {"map_name": "pico_s24_od30_na32", "num_agents": 64, "seed": 1}, "algorithm": "Follower"}, {"metrics": {"avg_throughput": 0.14453125}, "env_grid_search": {"map_name": "pico_s25_od30_na32", "num_agents": 8, "seed": 0}, "algorithm": "Follower"}, {"metrics": {"avg_throughput": 0.162109375}, "env_grid_search": {"map_name": "pico_s25_od30_na32", "num_agents": 8, "seed": 1}, "algorithm": "Follower"}, {"metrics": {"avg_throughput": 0.5625}, "env_grid_search": {"map_name": "pico_s25_od30_na32", "num_agents": 16, "seed": 0}, "algorithm": "Follower"}, {"metrics": {"avg_throughput": 0.83984375}, "env_grid_search": {"map_name": "pico_s25_od30_na32", "num_agents": 16, "seed": 1}, "algorithm": "Follower"}, {"metrics": {"avg_throughput": 0.908203125}, "env_grid_search": {"map_name": "pico_s25_od30_na32", "num_agents": 32, "seed": 0}, "algorithm": "Follower"}, {"metrics": {"avg_throughput": 1.0546875}, "env_grid_search": {"map_name": "pico_s25_od30_na32", "num_agents": 32, "seed": 1}, "algorithm": "Follower"}, {"metrics": {"avg_throughput": 1.314453125}, "env_grid_search": {"map_name": "pico_s25_od30_na32", "num_agents": 64, "seed": 0}, "algorithm": "Follower"}, {"metrics": {"avg_throughput": 1.265625}, "env_grid_search": {"map_name": "pico_s25_od30_na32", "num_agents": 64, "seed": 1}, "algorithm": "Follower"}, {"metrics": {"avg_throughput": 0.224609375}, "env_grid_search": {"map_name": "pico_s26_od30_na32", "num_agents": 8, "seed": 0}, "algorithm": "Follower"}, {"metrics": {"avg_throughput": 0.234375}, "env_grid_search": {"map_name": "pico_s26_od30_na32", "num_agents": 8, "seed": 1}, "algorithm": "Follower"}, {"metrics": {"avg_throughput": 0.63671875}, "env_grid_search": {"map_name": "pico_s26_od30_na32", "num_agents": 16, "seed": 0}, "algorithm": "Follower"}, {"metrics": {"avg_throughput": 0.6953125}, "env_grid_search": {"map_name": "pico_s26_od30_na32", "num_agents": 16, "seed": 1}, "algorithm": "Follower"}, {"metrics": {"avg_throughput": 0.80859375}, "env_grid_search": {"map_name": "pico_s26_od30_na32", "num_agents": 32, "seed": 0}, "algorithm": "Follower"}, {"metrics": {"avg_throughput": 0.939453125}, "env_grid_search": {"map_name": "pico_s26_od30_na32", "num_agents": 32, "seed": 1}, "algorithm": "Follower"}, {"metrics": {"avg_throughput": 1.087890625}, "env_grid_search": {"map_name": "pico_s26_od30_na32", "num_agents": 64, "seed": 0}, "algorithm": "Follower"}, {"metrics": {"avg_throughput": 1.17578125}, "env_grid_search": {"map_name": "pico_s26_od30_na32", "num_agents": 64, "seed": 1}, "algorithm": "Follower"}, {"metrics": {"avg_throughput": 0.18359375}, "env_grid_search": {"map_name": "pico_s27_od30_na32", "num_agents": 8, "seed": 0}, "algorithm": "Follower"}, {"metrics": {"avg_throughput": 0.212890625}, "env_grid_search": {"map_name": "pico_s27_od30_na32", "num_agents": 8, "seed": 1}, "algorithm": "Follower"}, {"metrics": {"avg_throughput": 0.66796875}, "env_grid_search": {"map_name": "pico_s27_od30_na32", "num_agents": 16, "seed": 0}, "algorithm": "Follower"}, {"metrics": {"avg_throughput": 0.396484375}, "env_grid_search": {"map_name": "pico_s27_od30_na32", "num_agents": 16, "seed": 1}, "algorithm": "Follower"}, {"metrics": {"avg_throughput": 0.923828125}, "env_grid_search": {"map_name": "pico_s27_od30_na32", "num_agents": 32, "seed": 0}, "algorithm": "Follower"}, {"metrics": {"avg_throughput": 0.8984375}, "env_grid_search": {"map_name": "pico_s27_od30_na32", "num_agents": 32, "seed": 1}, "algorithm": "Follower"}, {"metrics": {"avg_throughput": 1.609375}, "env_grid_search": {"map_name": "pico_s27_od30_na32", "num_agents": 64, "seed": 0}, "algorithm": "Follower"}, {"metrics": {"avg_throughput": 1.443359375}, "env_grid_search": {"map_name": "pico_s27_od30_na32", "num_agents": 64, "seed": 1}, "algorithm": "Follower"}, {"metrics": {"avg_throughput": 0.103515625}, "env_grid_search": {"map_name": "pico_s28_od30_na32", "num_agents": 8, "seed": 0}, "algorithm": "Follower"}, {"metrics": {"avg_throughput": 0.115234375}, "env_grid_search": {"map_name": "pico_s28_od30_na32", "num_agents": 8, "seed": 1}, "algorithm": "Follower"}, {"metrics": {"avg_throughput": 0.42578125}, "env_grid_search": {"map_name": "pico_s28_od30_na32", "num_agents": 16, "seed": 0}, "algorithm": "Follower"}, {"metrics": {"avg_throughput": 0.4765625}, "env_grid_search": {"map_name": "pico_s28_od30_na32", "num_agents": 16, "seed": 1}, "algorithm": "Follower"}, {"metrics": {"avg_throughput": 0.234375}, "env_grid_search": {"map_name": "pico_s28_od30_na32", "num_agents": 32, "seed": 0}, "algorithm": "Follower"}, {"metrics": {"avg_throughput": 0.2734375}, "env_grid_search": {"map_name": "pico_s28_od30_na32", "num_agents": 32, "seed": 1}, "algorithm": "Follower"}, {"metrics": {"avg_throughput": 0.28125}, "env_grid_search": {"map_name": "pico_s28_od30_na32", "num_agents": 64, "seed": 0}, "algorithm": "Follower"}, {"metrics": {"avg_throughput": 0.306640625}, "env_grid_search": {"map_name": "pico_s28_od30_na32", "num_agents": 64, "seed": 1}, "algorithm": "Follower"}, {"metrics": {"avg_throughput": 0.16015625}, "env_grid_search": {"map_name": "pico_s29_od30_na32", "num_agents": 8, "seed": 0}, "algorithm": "Follower"}, {"metrics": {"avg_throughput": 0.32421875}, "env_grid_search": {"map_name": "pico_s29_od30_na32", "num_agents": 8, "seed": 1}, "algorithm": "Follower"}, {"metrics": {"avg_throughput": 0.21875}, "env_grid_search": {"map_name": "pico_s29_od30_na32", "num_agents": 16, "seed": 0}, "algorithm": "Follower"}, {"metrics": {"avg_throughput": 0.259765625}, "env_grid_search": {"map_name": "pico_s29_od30_na32", "num_agents": 16, "seed": 1}, "algorithm": "Follower"}, {"metrics": {"avg_throughput": 0.29296875}, "env_grid_search": {"map_name": "pico_s29_od30_na32", "num_agents": 32, "seed": 0}, "algorithm": "Follower"}, {"metrics": {"avg_throughput": 0.447265625}, "env_grid_search": {"map_name": "pico_s29_od30_na32", "num_agents": 32, "seed": 1}, "algorithm": "Follower"}, {"metrics": {"avg_throughput": 0.25390625}, "env_grid_search": {"map_name": "pico_s29_od30_na32", "num_agents": 64, "seed": 0}, "algorithm": "Follower"}, {"metrics": {"avg_throughput": 0.20703125}, "env_grid_search": {"map_name": "pico_s29_od30_na32", "num_agents": 64, "seed": 1}, "algorithm": "Follower"}, {"metrics": {"avg_throughput": 0.2734375}, "env_grid_search": {"map_name": "pico_s30_od0_na32", "num_agents": 8, "seed": 0}, "algorithm": "Follower"}, {"metrics": {"avg_throughput": 0.3046875}, "env_grid_search": {"map_name": "pico_s30_od0_na32", "num_agents": 8, "seed": 1}, "algorithm": "Follower"}, {"metrics": {"avg_throughput": 1.001953125}, "env_grid_search": {"map_name": "pico_s30_od0_na32", "num_agents": 16, "seed": 0}, "algorithm": "Follower"}, {"metrics": {"avg_throughput": 1.0859375}, "env_grid_search": {"map_name": "pico_s30_od0_na32", "num_agents": 16, "seed": 1}, "algorithm": "Follower"}, {"metrics": {"avg_throughput": 2.158203125}, "env_grid_search": {"map_name": "pico_s30_od0_na32", "num_agents": 32, "seed": 0}, "algorithm": "Follower"}, {"metrics": {"avg_throughput": 2.177734375}, "env_grid_search": {"map_name": "pico_s30_od0_na32", "num_agents": 32, "seed": 1}, "algorithm": "Follower"}, {"metrics": {"avg_throughput": 3.4140625}, "env_grid_search": {"map_name": "pico_s30_od0_na32", "num_agents": 64, "seed": 0}, "algorithm": "Follower"}, {"metrics": {"avg_throughput": 2.6015625}, "env_grid_search": {"map_name": "pico_s30_od0_na32", "num_agents": 64, "seed": 1}, "algorithm": "Follower"}, {"metrics": {"avg_throughput": 0.572265625}, "env_grid_search": {"map_name": "pico_s31_od0_na32", "num_agents": 8, "seed": 0}, "algorithm": "Follower"}, {"metrics": {"avg_throughput": 0.357421875}, "env_grid_search": {"map_name": "pico_s31_od0_na32", "num_agents": 8, "seed": 1}, "algorithm": "Follower"}, {"metrics": {"avg_throughput": 0.5546875}, "env_grid_search": {"map_name": "pico_s31_od0_na32", "num_agents": 16, "seed": 0}, "algorithm": "Follower"}, {"metrics": {"avg_throughput": 0.9453125}, "env_grid_search": {"map_name": "pico_s31_od0_na32", "num_agents": 16, "seed": 1}, "algorithm": "Follower"}, {"metrics": {"avg_throughput": 0.98828125}, "env_grid_search": {"map_name": "pico_s31_od0_na32", "num_agents": 32, "seed": 0}, "algorithm": "Follower"}, {"metrics": {"avg_throughput": 2.1953125}, "env_grid_search": {"map_name": "pico_s31_od0_na32", "num_agents": 32, "seed": 1}, "algorithm": "Follower"}, {"metrics": {"avg_throughput": 3.806640625}, "env_grid_search": {"map_name": "pico_s31_od0_na32", "num_agents": 64, "seed": 0}, "algorithm": "Follower"}, {"metrics": {"avg_throughput": 2.171875}, "env_grid_search": {"map_name": "pico_s31_od0_na32", "num_agents": 64, "seed": 1}, "algorithm": "Follower"}, {"metrics": {"avg_throughput": 0.576171875}, "env_grid_search": {"map_name": "pico_s32_od0_na32", "num_agents": 8, "seed": 0}, "algorithm": "Follower"}, {"metrics": {"avg_throughput": 0.55078125}, "env_grid_search": {"map_name": "pico_s32_od0_na32", "num_agents": 8, "seed": 1}, "algorithm": "Follower"}, {"metrics": {"avg_throughput": 1.025390625}, "env_grid_search": {"map_name": "pico_s32_od0_na32", "num_agents": 16, "seed": 0}, "algorithm": "Follower"}, {"metrics": {"avg_throughput": 1.193359375}, "env_grid_search": {"map_name": "pico_s32_od0_na32", "num_agents": 16, "seed": 1}, "algorithm": "Follower"}, {"metrics": {"avg_throughput": 1.525390625}, "env_grid_search": {"map_name": "pico_s32_od0_na32", "num_agents": 32, "seed": 0}, "algorithm": "Follower"}, {"metrics": {"avg_throughput": 1.50390625}, "env_grid_search": {"map_name": "pico_s32_od0_na32", "num_agents": 32, "seed": 1}, "algorithm": "Follower"}, {"metrics": {"avg_throughput": 2.08984375}, "env_grid_search": {"map_name": "pico_s32_od0_na32", "num_agents": 64, "seed": 0}, "algorithm": "Follower"}, {"metrics": {"avg_throughput": 2.1875}, "env_grid_search": {"map_name": "pico_s32_od0_na32", "num_agents": 64, "seed": 1}, "algorithm": "Follower"}, {"metrics": {"avg_throughput": 0.263671875}, "env_grid_search": {"map_name": "pico_s33_od0_na32", "num_agents": 8, "seed": 0}, "algorithm": "Follower"}, {"metrics": {"avg_throughput": 0.306640625}, "env_grid_search": {"map_name": "pico_s33_od0_na32", "num_agents": 8, "seed": 1}, "algorithm": "Follower"}, {"metrics": {"avg_throughput": 0.892578125}, "env_grid_search": {"map_name": "pico_s33_od0_na32", "num_agents": 16, "seed": 0}, "algorithm": "Follower"}, {"metrics": {"avg_throughput": 0.953125}, "env_grid_search": {"map_name": "pico_s33_od0_na32", "num_agents": 16, "seed": 1}, "algorithm": "Follower"}, {"metrics": {"avg_throughput": 1.70703125}, "env_grid_search": {"map_name": "pico_s33_od0_na32", "num_agents": 32, "seed": 0}, "algorithm": "Follower"}, {"metrics": {"avg_throughput": 1.72265625}, "env_grid_search": {"map_name": "pico_s33_od0_na32", "num_agents": 32, "seed": 1}, "algorithm": "Follower"}, {"metrics": {"avg_throughput": 2.0859375}, "env_grid_search": {"map_name": "pico_s33_od0_na32", "num_agents": 64, "seed": 0}, "algorithm": "Follower"}, {"metrics": {"avg_throughput": 2.201171875}, "env_grid_search": {"map_name": "pico_s33_od0_na32", "num_agents": 64, "seed": 1}, "algorithm": "Follower"}, {"metrics": {"avg_throughput": 0.330078125}, "env_grid_search": {"map_name": "pico_s34_od0_na32", "num_agents": 8, "seed": 0}, "algorithm": "Follower"}, {"metrics": {"avg_throughput": 0.359375}, "env_grid_search": {"map_name": "pico_s34_od0_na32", "num_agents": 8, "seed": 1}, "algorithm": "Follower"}, {"metrics": {"avg_throughput": 1.017578125}, "env_grid_search": {"map_name": "pico_s34_od0_na32", "num_agents": 16, "seed": 0}, "algorithm": "Follower"}, {"metrics": {"avg_throughput": 1.068359375}, "env_grid_search": {"map_name": "pico_s34_od0_na32", "num_agents": 16, "seed": 1}, "algorithm": "Follower"}, {"metrics": {"avg_throughput": 2.15234375}, "env_grid_search": {"map_name": "pico_s34_od0_na32", "num_agents": 32, "seed": 0}, "algorithm": "Follower"}, {"metrics": {"avg_throughput": 2.1640625}, "env_grid_search": {"map_name": "pico_s34_od0_na32", "num_agents": 32, "seed": 1}, "algorithm": "Follower"}, {"metrics": {"avg_throughput": 2.03515625}, "env_grid_search": {"map_name": "pico_s34_od0_na32", "num_agents": 64, "seed": 0}, "algorithm": "Follower"}, {"metrics": {"avg_throughput": 2.125}, "env_grid_search": {"map_name": "pico_s34_od0_na32", "num_agents": 64, "seed": 1}, "algorithm": "Follower"}, {"metrics": {"avg_throughput": 0.576171875}, "env_grid_search": {"map_name": "pico_s35_od0_na32", "num_agents": 8, "seed": 0}, "algorithm": "Follower"}, {"metrics": {"avg_throughput": 0.61328125}, "env_grid_search": {"map_name": "pico_s35_od0_na32", "num_agents": 8, "seed": 1}, "algorithm": "Follower"}, {"metrics": {"avg_throughput": 0.908203125}, "env_grid_search": {"map_name": "pico_s35_od0_na32", "num_agents": 16, "seed": 0}, "algorithm": "Follower"}, {"metrics": {"avg_throughput": 0.94140625}, "env_grid_search": {"map_name": "pico_s35_od0_na32", "num_agents": 16, "seed": 1}, "algorithm": "Follower"}, {"metrics": {"avg_throughput": 1.0390625}, "env_grid_search": {"map_name": "pico_s35_od0_na32", "num_agents": 32, "seed": 0}, "algorithm": "Follower"}, {"metrics": {"avg_throughput": 1.0546875}, "env_grid_search": {"map_name": "pico_s35_od0_na32", "num_agents": 32, "seed": 1}, "algorithm": "Follower"}, {"metrics": {"avg_throughput": 2.10546875}, "env_grid_search": {"map_name": "pico_s35_od0_na32", "num_agents": 64, "seed": 0}, "algorithm": "Follower"}, {"metrics": {"avg_throughput": 2.177734375}, "env_grid_search": {"map_name": "pico_s35_od0_na32", "num_agents": 64, "seed": 1}, "algorithm": "Follower"}, {"metrics": {"avg_throughput": 0.326171875}, "env_grid_search": {"map_name": "pico_s36_od0_na32", "num_agents": 8, "seed": 0}, "algorithm": "Follower"}, {"metrics": {"avg_throughput": 0.5625}, "env_grid_search": {"map_name": "pico_s36_od0_na32", "num_agents": 8, "seed": 1}, "algorithm": "Follower"}, {"metrics": {"avg_throughput": 0.6796875}, "env_grid_search": {"map_name": "pico_s36_od0_na32", "num_agents": 16, "seed": 0}, "algorithm": "Follower"}, {"metrics": {"avg_throughput": 0.681640625}, "env_grid_search": {"map_name": "pico_s36_od0_na32", "num_agents": 16, "seed": 1}, "algorithm": "Follower"}, {"metrics": {"avg_throughput": 1.923828125}, "env_grid_search": {"map_name": "pico_s36_od0_na32", "num_agents": 32, "seed": 0}, "algorithm": "Follower"}, {"metrics": {"avg_throughput": 1.96484375}, "env_grid_search": {"map_name": "pico_s36_od0_na32", "num_agents": 32, "seed": 1}, "algorithm": "Follower"}, {"metrics": {"avg_throughput": 2.052734375}, "env_grid_search": {"map_name": "pico_s36_od0_na32", "num_agents": 64, "seed": 0}, "algorithm": "Follower"}, {"metrics": {"avg_throughput": 2.115234375}, "env_grid_search": {"map_name": "pico_s36_od0_na32", "num_agents": 64, "seed": 1}, "algorithm": "Follower"}, {"metrics": {"avg_throughput": 0.576171875}, "env_grid_search": {"map_name": "pico_s37_od0_na32", "num_agents": 8, "seed": 0}, "algorithm": "Follower"}, {"metrics": {"avg_throughput": 0.609375}, "env_grid_search": {"map_name": "pico_s37_od0_na32", "num_agents": 8, "seed": 1}, "algorithm": "Follower"}, {"metrics": {"avg_throughput": 0.55078125}, "env_grid_search": {"map_name": "pico_s37_od0_na32", "num_agents": 16, "seed": 0}, "algorithm": "Follower"}, {"metrics": {"avg_throughput": 0.580078125}, "env_grid_search": {"map_name": "pico_s37_od0_na32", "num_agents": 16, "seed": 1}, "algorithm": "Follower"}, {"metrics": {"avg_throughput": 1.984375}, "env_grid_search": {"map_name": "pico_s37_od0_na32", "num_agents": 32, "seed": 0}, "algorithm": "Follower"}, {"metrics": {"avg_throughput": 1.98046875}, "env_grid_search": {"map_name": "pico_s37_od0_na32", "num_agents": 32, "seed": 1}, "algorithm": "Follower"}, {"metrics": {"avg_throughput": 2.12109375}, "env_grid_search": {"map_name": "pico_s37_od0_na32", "num_agents": 64, "seed": 0}, "algorithm": "Follower"}, {"metrics": {"avg_throughput": 2.1640625}, "env_grid_search": {"map_name": "pico_s37_od0_na32", "num_agents": 64, "seed": 1}, "algorithm": "Follower"}, {"metrics": {"avg_throughput": 0.392578125}, "env_grid_search": {"map_name": "pico_s38_od0_na32", "num_agents": 8, "seed": 0}, "algorithm": "Follower"}, {"metrics": {"avg_throughput": 0.365234375}, "env_grid_search": {"map_name": "pico_s38_od0_na32", "num_agents": 8, "seed": 1}, "algorithm": "Follower"}, {"metrics": {"avg_throughput": 0.71484375}, "env_grid_search": {"map_name": "pico_s38_od0_na32", "num_agents": 16, "seed": 0}, "algorithm": "Follower"}, {"metrics": {"avg_throughput": 0.70703125}, "env_grid_search": {"map_name": "pico_s38_od0_na32", "num_agents": 16, "seed": 1}, "algorithm": "Follower"}, {"metrics": {"avg_throughput": 1.72265625}, "env_grid_search": {"map_name": "pico_s38_od0_na32", "num_agents": 32, "seed": 0}, "algorithm": "Follower"}, {"metrics": {"avg_throughput": 1.720703125}, "env_grid_search": {"map_name": "pico_s38_od0_na32", "num_agents": 32, "seed": 1}, "algorithm": "Follower"}, {"metrics": {"avg_throughput": 2.134765625}, "env_grid_search": {"map_name": "pico_s38_od0_na32", "num_agents": 64, "seed": 0}, "algorithm": "Follower"}, {"metrics": {"avg_throughput": 2.19140625}, "env_grid_search": {"map_name": "pico_s38_od0_na32", "num_agents": 64, "seed": 1}, "algorithm": "Follower"}, {"metrics": {"avg_throughput": 0.384765625}, "env_grid_search": {"map_name": "pico_s39_od0_na32", "num_agents": 8, "seed": 0}, "algorithm": "Follower"}, {"metrics": {"avg_throughput": 0.423828125}, "env_grid_search": {"map_name": "pico_s39_od0_na32", "num_agents": 8, "seed": 1}, "algorithm": "Follower"}, {"metrics": {"avg_throughput": 1.12109375}, "env_grid_search": {"map_name": "pico_s39_od0_na32", "num_agents": 16, "seed": 0}, "algorithm": "Follower"}, {"metrics": {"avg_throughput": 1.2109375}, "env_grid_search": {"map_name": "pico_s39_od0_na32", "num_agents": 16, "seed": 1}, "algorithm": "Follower"}, {"metrics": {"avg_throughput": 1.48046875}, "env_grid_search": {"map_name": "pico_s39_od0_na32", "num_agents": 32, "seed": 0}, "algorithm": "Follower"}, {"metrics": {"avg_throughput": 1.7421875}, "env_grid_search": {"map_name": "pico_s39_od0_na32", "num_agents": 32, "seed": 1}, "algorithm": "Follower"}, {"metrics": {"avg_throughput": 3.7734375}, "env_grid_search": {"map_name": "pico_s39_od0_na32", "num_agents": 64, "seed": 0}, "algorithm": "Follower"}, {"metrics": {"avg_throughput": 3.88671875}, "env_grid_search": {"map_name": "pico_s39_od0_na32", "num_agents": 64, "seed": 1}, "algorithm": "Follower"}]