[{"metrics": {"avg_throughput": 0.36328125}, "env_grid_search": {"map_name": "pico_s00_od20_na32", "num_agents": 8, "seed": 2}, "algorithm": "Follower"}, {"metrics": {"avg_throughput": 0.466796875}, "env_grid_search": {"map_name": "pico_s00_od20_na32", "num_agents": 8, "seed": 3}, "algorithm": "Follower"}, {"metrics": {"avg_throughput": 0.494140625}, "env_grid_search": {"map_name": "pico_s00_od20_na32", "num_agents": 16, "seed": 2}, "algorithm": "Follower"}, {"metrics": {"avg_throughput": 0.685546875}, "env_grid_search": {"map_name": "pico_s00_od20_na32", "num_agents": 16, "seed": 3}, "algorithm": "Follower"}, {"metrics": {"avg_throughput": 0.828125}, "env_grid_search": {"map_name": "pico_s00_od20_na32", "num_agents": 32, "seed": 2}, "algorithm": "Follower"}, {"metrics": {"avg_throughput": 0.822265625}, "env_grid_search": {"map_name": "pico_s00_od20_na32", "num_agents": 32, "seed": 3}, "algorithm": "Follower"}, {"metrics": {"avg_throughput": 1.421875}, "env_grid_search": {"map_name": "pico_s00_od20_na32", "num_agents": 64, "seed": 2}, "algorithm": "Follower"}, {"metrics": {"avg_throughput": 1.365234375}, "env_grid_search": {"map_name": "pico_s00_od20_na32", "num_agents": 64, "seed": 3}, "algorithm": "Follower"}, {"metrics": {"avg_throughput": 0.484375}, "env_grid_search": {"map_name": "pico_s01_od20_na32", "num_agents": 8, "seed": 2}, "algorithm": "Follower"}, {"metrics": {"avg_throughput": 0.359375}, "env_grid_search": {"map_name": "pico_s01_od20_na32", "num_agents": 8, "seed": 3}, "algorithm": "Follower"}, {"metrics": {"avg_throughput": 0.87890625}, "env_grid_search": {"map_name": "pico_s01_od20_na32", "num_agents": 16, "seed": 2}, "algorithm": "Follower"}, {"metrics": {"avg_throughput": 0.486328125}, "env_grid_search": {"map_name": "pico_s01_od20_na32", "num_agents": 16, "seed": 3}, "algorithm": "Follower"}, {"metrics": {"avg_throughput": 1.22265625}, "env_grid_search": {"map_name": "pico_s01_od20_na32", "num_agents": 32, "seed": 2}, "algorithm": "Follower"}, {"metrics": {"avg_throughput": 0.55859375}, "env_grid_search": {"map_name": "pico_s01_od20_na32", "num_agents": 32, "seed": 3}, "algorithm": "Follower"}, {"metrics": {"avg_throughput": 0.896484375}, "env_grid_search": {"map_name": "pico_s01_od20_na32", "num_agents": 64, "seed": 2}, "algorithm": "Follower"}, {"metrics": {"avg_throughput": 0.873046875}, "env_grid_search": {"map_name": "pico_s01_od20_na32", "num_agents": 64, "seed": 3}, "algorithm": "Follower"}, {"metrics": {"avg_throughput": 0.421875}, "env_grid_search": {"map_name": "pico_s02_od20_na32", "num_agents": 8, "seed": 2}, "algorithm": "Follower"}, {"metrics": {"avg_throughput": 0.53515625}, "env_grid_search": {"map_name": "pico_s02_od20_na32", "num_agents": 8, "seed": 3}, "algorithm": "Follower"}, {"metrics": {"avg_throughput": 0.890625}, "env_grid_search": {"map_name": "pico_s02_od20_na32", "num_agents": 16, "seed": 2}, "algorithm": "Follower"}, {"metrics": {"avg_throughput": 0.6875}, "env_grid_search": {"map_name": "pico_s02_od20_na32", "num_agents": 16, "seed": 3}, "algorithm": "Follower"}, {"metrics": {"avg_throughput": 1.58984375}, "env_grid_search": {"map_name": "pico_s02_od20_na32", "num_agents": 32, "seed": 2}, "algorithm": "Follower"}, {"metrics": {"avg_throughput": 1.595703125}, "env_grid_search": {"map_name": "pico_s02_od20_na32", "num_agents": 32, "seed": 3}, "algorithm": "Follower"}, {"metrics": {"avg_throughput": 1.34375}, "env_grid_search": {"map_name": "pico_s02_od20_na32", "num_agents": 64, "seed": 2}, "algorithm": "Follower"}, {"metrics": {"avg_throughput": 1.05859375}, "env_grid_search": {"map_name": "pico_s02_od20_na32", "num_agents": 64, "seed": 3}, "algorithm": "Follower"}, {"metrics": {"avg_throughput": 0.48046875}, "env_grid_search": {"map_name": "pico_s03_od20_na32", "num_agents": 8, "seed": 2}, "algorithm": "Follower"}, {"metrics": {"avg_throughput": 0.498046875}, "env_grid_search": {"map_name": "pico_s03_od20_na32", "num_agents": 8, "seed": 3}, "algorithm": "Follower"}, {"metrics": {"avg_throughput": 0.943359375}, "env_grid_search": {"map_name": "pico_s03_od20_na32", "num_agents": 16, "seed": 2}, "algorithm": "Follower"}, {"metrics": {"avg_throughput": 0.8671875}, "env_grid_search": {"map_name": "pico_s03_od20_na32", "num_agents": 16, "seed": 3}, "algorithm": "Follower"}, {"metrics": {"avg_throughput": 1.28515625}, "env_grid_search": {"map_name": "pico_s03_od20_na32", "num_agents": 32, "seed": 2}, "algorithm": "Follower"}, {"metrics": {"avg_throughput": 0.755859375}, "env_grid_search": {"map_name": "pico_s03_od20_na32", "num_agents": 32, "seed": 3}, "algorithm": "Follower"}, {"metrics": {"avg_throughput": 1.283203125}, "env_grid_search": {"map_name": "pico_s03_od20_na32", "num_agents": 64, "seed": 2}, "algorithm": "Follower"}, {"metrics": {"avg_throughput": 1.22265625}, "env_grid_search": {"map_name": "pico_s03_od20_na32", "num_agents": 64, "seed": 3}, "algorithm": "Follower"}, {"metrics": {"avg_throughput": 0.54296875}, "env_grid_search": {"map_name": "pico_s04_od20_na32", "num_agents": 8, "seed": 2}, "algorithm": "Follower"}, {"metrics": {"avg_throughput": 0.486328125}, "env_grid_search": {"map_name": "pico_s04_od20_na32", "num_agents": 8, "seed": 3}, "algorithm": "Follower"}, {"metrics": {"avg_throughput": 0.607421875}, "env_grid_search": {"map_name": "pico_s04_od20_na32", "num_agents": 16, "seed": 2}, "algorithm": "Follower"}, {"metrics": {"avg_throughput": 0.626953125}, "env_grid_search": {"map_name": "pico_s04_od20_na32", "num_agents": 16, "seed": 3}, "algorithm": "Follower"}, {"metrics": {"avg_throughput": 1.056640625}, "env_grid_search": {"map_name": "pico_s04_od20_na32", "num_agents": 32, "seed": 2}, "algorithm": "Follower"}, {"metrics": {"avg_throughput": 0.859375}, "env_grid_search": {"map_name": "pico_s04_od20_na32", "num_agents": 32, "seed": 3}, "algorithm": "Follower"}, {"metrics": {"avg_throughput": 1.1171875}, "env_grid_search": {"map_name": "pico_s04_od20_na32", "num_agents": 64, "seed": 2}, "algorithm": "Follower"}, {"metrics": {"avg_throughput": 1.150390625}, "env_grid_search": {"map_name": "pico_s04_od20_na32", "num_agents": 64, "seed": 3}, "algorithm": "Follower"}, {"metrics": {"avg_throughput": 0.515625}, "env_grid_search": {"map_name": "pico_s05_od20_na32", "num_agents": 8, "seed": 2}, "algorithm": "Follower"}, {"metrics": {"avg_throughput": 0.498046875}, "env_grid_search": {"map_name": "pico_s05_od20_na32", "num_agents": 8, "seed": 3}, "algorithm": "Follower"}, {"metrics": {"avg_throughput": 0.759765625}, "env_grid_search": {"map_name": "pico_s05_od20_na32", "num_agents": 16, "seed": 2}, "algorithm": "Follower"}, {"metrics": {"avg_throughput": 0.71484375}, "env_grid_search": {"map_name": "pico_s05_od20_na32", "num_agents": 16, "seed": 3}, "algorithm": "Follower"}, {"metrics": {"avg_throughput": 0.9765625}, "env_grid_search": {"map_name": "pico_s05_od20_na32", "num_agents": 32, "seed": 2}, "algorithm": "Follower"}, {"metrics": {"avg_throughput": 1.041015625}, "env_grid_search": {"map_name": "pico_s05_od20_na32", "num_agents": 32, "seed": 3}, "algorithm": "Follower"}, {"metrics": {"avg_throughput": 0.880859375}, "env_grid_search": {"map_name": "pico_s05_od20_na32", "num_agents": 64, "seed": 2}, "algorithm": "Follower"}, {"metrics": {"avg_throughput": 0.830078125}, "env_grid_search": {"map_name": "pico_s05_od20_na32", "num_agents": 64, "seed": 3}, "algorithm": "Follower"}, {"metrics": {"avg_throughput": 0.529296875}, "env_grid_search": {"map_name": "pico_s06_od20_na32", "num_agents": 8, "seed": 2}, "algorithm": "Follower"}, {"metrics": {"avg_throughput": 0.466796875}, "env_grid_search": {"map_name": "pico_s06_od20_na32", "num_agents": 8, "seed": 3}, "algorithm": "Follower"}, {"metrics": {"avg_throughput": 0.466796875}, "env_grid_search": {"map_name": "pico_s06_od20_na32", "num_agents": 16, "seed": 2}, "algorithm": "Follower"}, {"metrics": {"avg_throughput": 0.486328125}, "env_grid_search": {"map_name": "pico_s06_od20_na32", "num_agents": 16, "seed": 3}, "algorithm": "Follower"}, {"metrics": {"avg_throughput": 1.357421875}, "env_grid_search": {"map_name": "pico_s06_od20_na32", "num_agents": 32, "seed": 2}, "algorithm": "Follower"}, {"metrics": {"avg_throughput": 1.400390625}, "env_grid_search": {"map_name": "pico_s06_od20_na32", "num_agents": 32, "seed": 3}, "algorithm": "Follower"}, {"metrics": {"avg_throughput": 1.083984375}, "env_grid_search": {"map_name": "pico_s06_od20_na32", "num_agents": 64, "seed": 2}, "algorithm": "Follower"}, {"metrics": {"avg_throughput": 1.314453125}, "env_grid_search": {"map_name": "pico_s06_od20_na32", "num_agents": 64, "seed": 3}, "algorithm": "Follower"}, {"metrics": {"avg_throughput": 0.484375}, "env_grid_search": {"map_name": "pico_s07_od20_na32", "num_agents": 8, "seed": 2}, "algorithm": "Follower"}, {"metrics": {"avg_throughput": 0.546875}, "env_grid_search": {"map_name": "pico_s07_od20_na32", "num_agents": 8, "seed": 3}, "algorithm": "Follower"}, {"metrics": {"avg_throughput": 0.56640625}, "env_grid_search": {"map_name": "pico_s07_od20_na32", "num_agents": 16, "seed": 2}, "algorithm": "Follower"}, {"metrics": {"avg_throughput": 0.61328125}, "env_grid_search": {"map_name": "pico_s07_od20_na32", "num_agents": 16, "seed": 3}, "algorithm": "Follower"}, {"metrics": {"avg_throughput": 0.91015625}, "env_grid_search": {"map_name": "pico_s07_od20_na32", "num_agents": 32, "seed": 2}, "algorithm": "Follower"}, {"metrics": {"avg_throughput": 1.181640625}, "env_grid_search": {"map_name": "pico_s07_od20_na32", "num_agents": 32, "seed": 3}, "algorithm": "Follower"}, {"metrics": {"avg_throughput": 2.38671875}, "env_grid_search": {"map_name": "pico_s07_od20_na32", "num_agents": 64, "seed": 2}, "algorithm": "Follower"}, {"metrics": {"avg_throughput": 2.763671875}, "env_grid_search": {"map_name": "pico_s07_od20_na32", "num_agents": 64, "seed": 3}, "algorithm": "Follower"}, {"metrics": {"avg_throughput": 0.416015625}, "env_grid_search": {"map_name": "pico_s08_od20_na32", "num_agents": 8, "seed": 2}, "algorithm": "Follower"}, {"metrics": {"avg_throughput": 0.556640625}, "env_grid_search": {"map_name": "pico_s08_od20_na32", "num_agents": 8, "seed": 3}, "algorithm": "Follower"}, {"metrics": {"avg_throughput": 0.599609375}, "env_grid_search": {"map_name": "pico_s08_od20_na32", "num_agents": 16, "seed": 2}, "algorithm": "Follower"}, {"metrics": {"avg_throughput": 0.583984375}, "env_grid_search": {"map_name": "pico_s08_od20_na32", "num_agents": 16, "seed": 3}, "algorithm": "Follower"}, {"metrics": {"avg_throughput": 1.615234375}, "env_grid_search": {"map_name": "pico_s08_od20_na32", "num_agents": 32, "seed": 2}, "algorithm": "Follower"}, {"metrics": {"avg_throughput": 1.59375}, "env_grid_search": {"map_name": "pico_s08_od20_na32", "num_agents": 32, "seed": 3}, "algorithm": "Follower"}, {"metrics": {"avg_throughput": 2.587890625}, "env_grid_search": {"map_name": "pico_s08_od20_na32", "num_agents": 64, "seed": 2}, "algorithm": "Follower"}, {"metrics": {"avg_throughput": 2.677734375}, "env_grid_search": {"map_name": "pico_s08_od20_na32", "num_agents": 64, "seed": 3}, "algorithm": "Follower"}, {"metrics": {"avg_throughput": 0.51171875}, "env_grid_search": {"map_name": "pico_s09_od20_na32", "num_agents": 8, "seed": 2}, "algorithm": "Follower"}, {"metrics": {"avg_throughput": 0.51953125}, "env_grid_search": {"map_name": "pico_s09_od20_na32", "num_agents": 8, "seed": 3}, "algorithm": "Follower"}, {"metrics": {"avg_throughput": 0.595703125}, "env_grid_search": {"map_name": "pico_s09_od20_na32", "num_agents": 16, "seed": 2}, "algorithm": "Follower"}, {"metrics": {"avg_throughput": 0.490234375}, "env_grid_search": {"map_name": "pico_s09_od20_na32", "num_agents": 16, "seed": 3}, "algorithm": "Follower"}, {"metrics": {"avg_throughput": 1.443359375}, "env_grid_search": {"map_name": "pico_s09_od20_na32", "num_agents": 32, "seed": 2}, "algorithm": "Follower"}, {"metrics": {"avg_throughput": 1.45703125}, "env_grid_search": {"map_name": "pico_s09_od20_na32", "num_agents": 32, "seed": 3}, "algorithm": "Follower"}, {"metrics": {"avg_throughput": 2.65625}, "env_grid_search": {"map_name": "pico_s09_od20_na32", "num_agents": 64, "seed": 2}, "algorithm": "Follower"}, {"metrics": {"avg_throughput": 2.69921875}, "env_grid_search": {"map_name": "pico_s09_od20_na32", "num_agents": 64, "seed": 3}, "algorithm": "Follower"}, {"metrics": {"avg_throughput": 0.50390625}, "env_grid_search": {"map_name": "pico_s10_od10_na32", "num_agents": 8, "seed": 2}, "algorithm": "Follower"}, {"metrics": {"avg_throughput": 0.482421875}, "env_grid_search": {"map_name": "pico_s10_od10_na32", "num_agents": 8, "seed": 3}, "algorithm": "Follower"}, {"metrics": {"avg_throughput": 0.5546875}, "env_grid_search": {"map_name": "pico_s10_od10_na32", "num_agents": 16, "seed": 2}, "algorithm": "Follower"}, {"metrics": {"avg_throughput": 0.521484375}, "env_grid_search": {"map_name": "pico_s10_od10_na32", "num_agents": 16, "seed": 3}, "algorithm": "Follower"}, {"metrics": {"avg_throughput": 1.568359375}, "env_grid_search": {"map_name": "pico_s10_od10_na32", "num_agents": 32, "seed": 2}, "algorithm": "Follower"}, {"metrics": {"avg_throughput": 1.521484375}, "env_grid_search": {"map_name": "pico_s10_od10_na32", "num_agents": 32, "seed": 3}, "algorithm": "Follower"}, {"metrics": {"avg_throughput": 3.17578125}, "env_grid_search": {"map_name": "pico_s10_od10_na32", "num_agents": 64, "seed": 2}, "algorithm": "Follower"}, {"metrics": {"avg_throughput": 2.837890625}, "env_grid_search": {"map_name": "pico_s10_od10_na32", "num_agents": 64, "seed": 3}, "algorithm": "Follower"}, {"metrics": {"avg_throughput": 0.5078125}, "env_grid_search": {"map_name": "pico_s11_od10_na32", "num_agents": 8, "seed": 2}, "algorithm": "Follower"}, {"metrics": {"avg_throughput": 0.48046875}, "env_grid_search": {"map_name": "pico_s11_od10_na32", "num_agents": 8, "seed": 3}, "algorithm": "Follower"}, {"metrics": {"avg_throughput": 1.080078125}, "env_grid_search": {"map_name": "pico_s11_od10_na32", "num_agents": 16, "seed": 2}, "algorithm": "Follower"}, {"metrics": {"avg_throughput": 1.044921875}, "env_grid_search": {"map_name": "pico_s11_od10_na32", "num_agents": 16, "seed": 3}, "algorithm": "Follower"}, {"metrics": {"avg_throughput": 1.3203125}, "env_grid_search": {"map_name": "pico_s11_od10_na32", "num_agents": 32, "seed": 2}, "algorithm": "Follower"}, {"metrics": {"avg_throughput": 1.681640625}, "env_grid_search": {"map_name": "pico_s11_od10_na32", "num_agents": 32, "seed": 3}, "algorithm": "Follower"}, {"metrics": {"avg_throughput": 2.712890625}, "env_grid_search": {"map_name": "pico_s11_od10_na32", "num_agents": 64, "seed": 2}, "algorithm": "Follower"}, {"metrics": {"avg_throughput": 2.615234375}, "env_grid_search": {"map_name": "pico_s11_od10_na32", "num_agents": 64, "seed": 3}, "algorithm": "Follower"}, {"metrics": {"avg_throughput": 0.4453125}, "env_grid_search": {"map_name": "pico_s12_od10_na32", "num_agents": 8, "seed": 2}, "algorithm": "Follower"}, {"metrics": {"avg_throughput": 0.537109375}, "env_grid_search": {"map_name": "pico_s12_od10_na32", "num_agents": 8, "seed": 3}, "algorithm": "Follower"}, {"metrics": {"avg_throughput": 0.775390625}, "env_grid_search": {"map_name": "pico_s12_od10_na32", "num_agents": 16, "seed": 2}, "algorithm": "Follower"}, {"metrics": {"avg_throughput": 0.814453125}, "env_grid_search": {"map_name": "pico_s12_od10_na32", "num_agents": 16, "seed": 3}, "algorithm": "Follower"}, {"metrics": {"avg_throughput": 1.345703125}, "env_grid_search": {"map_name": "pico_s12_od10_na32", "num_agents": 32, "seed": 2}, "algorithm": "Follower"}, {"metrics": {"avg_throughput": 1.298828125}, "env_grid_search": {"map_name": "pico_s12_od10_na32", "num_agents": 32, "seed": 3}, "algorithm": "Follower"}, {"metrics": {"avg_throughput": 2.736328125}, "env_grid_search": {"map_name": "pico_s12_od10_na32", "num_agents": 64, "seed": 2}, "algorithm": "Follower"}, {"metrics": {"avg_throughput": 2.765625}, "env_grid_search": {"map_name": "pico_s12_od10_na32", "num_agents": 64, "seed": 3}, "algorithm": "Follower"}, {"metrics": {"avg_throughput": 0.447265625}, "env_grid_search": {"map_name": "pico_s13_od10_na32", "num_agents": 8, "seed": 2}, "algorithm": "Follower"}, {"metrics": {"avg_throughput": 0.416015625}, "env_grid_search": {"map_name": "pico_s13_od10_na32", "num_agents": 8, "seed": 3}, "algorithm": "Follower"}, {"metrics": {"avg_throughput": 0.759765625}, "env_grid_search": {"map_name": "pico_s13_od10_na32", "num_agents": 16, "seed": 2}, "algorithm": "Follower"}, {"metrics": {"avg_throughput": 0.833984375}, "env_grid_search": {"map_name": "pico_s13_od10_na32", "num_agents": 16, "seed": 3}, "algorithm": "Follower"}, {"metrics": {"avg_throughput": 1.11328125}, "env_grid_search": {"map_name": "pico_s13_od10_na32", "num_agents": 32, "seed": 2}, "algorithm": "Follower"}, {"metrics": {"avg_throughput": 1.123046875}, "env_grid_search": {"map_name": "pico_s13_od10_na32", "num_agents": 32, "seed": 3}, "algorithm": "Follower"}, {"metrics": {"avg_throughput": 2.763671875}, "env_grid_search": {"map_name": "pico_s13_od10_na32", "num_agents": 64, "seed": 2}, "algorithm": "Follower"}, {"metrics": {"avg_throughput": 2.888671875}, "env_grid_search": {"map_name": "pico_s13_od10_na32", "num_agents": 64, "seed": 3}, "algorithm": "Follower"}, {"metrics": {"avg_throughput": 0.462890625}, "env_grid_search": {"map_name": "pico_s14_od10_na32", "num_agents": 8, "seed": 2}, "algorithm": "Follower"}, {"metrics": {"avg_throughput": 0.439453125}, "env_grid_search": {"map_name": "pico_s14_od10_na32", "num_agents": 8, "seed": 3}, "algorithm": "Follower"}, {"metrics": {"avg_throughput": 0.88671875}, "env_grid_search": {"map_name": "pico_s14_od10_na32", "num_agents": 16, "seed": 2}, "algorithm": "Follower"}, {"metrics": {"avg_throughput": 0.81640625}, "env_grid_search": {"map_name": "pico_s14_od10_na32", "num_agents": 16, "seed": 3}, "algorithm": "Follower"}, {"metrics": {"avg_throughput": 1.126953125}, "env_grid_search": {"map_name": "pico_s14_od10_na32", "num_agents": 32, "seed": 2}, "algorithm": "Follower"}, {"metrics": {"avg_throughput": 1.1171875}, "env_grid_search": {"map_name": "pico_s14_od10_na32", "num_agents": 32, "seed": 3}, "algorithm": "Follower"}, {"metrics": {"avg_throughput": 3.16015625}, "env_grid_search": {"map_name": "pico_s14_od10_na32", "num_agents": 64, "seed": 2}, "algorithm": "Follower"}, {"metrics": {"avg_throughput": 1.720703125}, "env_grid_search": {"map_name": "pico_s14_od10_na32", "num_agents": 64, "seed": 3}, "algorithm": "Follower"}, {"metrics": {"avg_throughput": 0.435546875}, "env_grid_search": {"map_name": "pico_s15_od10_na32", "num_agents": 8, "seed": 2}, "algorithm": "Follower"}, {"metrics": {"avg_throughput": 0.3671875}, "env_grid_search": {"map_name": "pico_s15_od10_na32", "num_agents": 8, "seed": 3}, "algorithm": "Follower"}, {"metrics": {"avg_throughput": 1.060546875}, "env_grid_search": {"map_name": "pico_s15_od10_na32", "num_agents": 16, "seed": 2}, "algorithm": "Follower"}, {"metrics": {"avg_throughput": 0.611328125}, "env_grid_search": {"map_name": "pico_s15_od10_na32", "num_agents": 16, "seed": 3}, "algorithm": "Follower"}, {"metrics": {"avg_throughput": 1.328125}, "env_grid_search": {"map_name": "pico_s15_od10_na32", "num_agents": 32, "seed": 2}, "algorithm": "Follower"}, {"metrics": {"avg_throughput": 1.71484375}, "env_grid_search": {"map_name": "pico_s15_od10_na32", "num_agents": 32, "seed": 3}, "algorithm": "Follower"}, {"metrics": {"avg_throughput": 1.673828125}, "env_grid_search": {"map_name": "pico_s15_od10_na32", "num_agents": 64, "seed": 2}, "algorithm": "Follower"}, {"metrics": {"avg_throughput": 2.05859375}, "env_grid_search": {"map_name": "pico_s15_od10_na32", "num_agents": 64, "seed": 3}, "algorithm": "Follower"}, {"metrics": {"avg_throughput": 0.39453125}, "env_grid_search": {"map_name": "pico_s16_od10_na32", "num_agents": 8, "seed": 2}, "algorithm": "Follower"}, {"metrics": {"avg_throughput": 0.3828125}, "env_grid_search": {"map_name": "pico_s16_od10_na32", "num_agents": 8, "seed": 3}, "algorithm": "Follower"}, {"metrics": {"avg_throughput": 0.533203125}, "env_grid_search": {"map_name": "pico_s16_od10_na32", "num_agents": 16, "seed": 2}, "algorithm": "Follower"}, {"metrics": {"avg_throughput": 0.646484375}, "env_grid_search": {"map_name": "pico_s16_od10_na32", "num_agents": 16, "seed": 3}, "algorithm": "Follower"}, {"metrics": {"avg_throughput": 1.107421875}, "env_grid_search": {"map_name": "pico_s16_od10_na32", "num_agents": 32, "seed": 2}, "algorithm": "Follower"}, {"metrics": {"avg_throughput": 1.16796875}, "env_grid_search": {"map_name": "pico_s16_od10_na32", "num_agents": 32, "seed": 3}, "algorithm": "Follower"}, {"metrics": {"avg_throughput": 3.17578125}, "env_grid_search": {"map_name": "pico_s16_od10_na32", "num_agents": 64, "seed": 2}, "algorithm": "Follower"}, {"metrics": {"avg_throughput": 3.2734375}, "env_grid_search": {"map_name": "pico_s16_od10_na32", "num_agents": 64, "seed": 3}, "algorithm": "Follower"}, {"metrics": {"avg_throughput": 0.380859375}, "env_grid_search": {"map_name": "pico_s17_od10_na32", "num_agents": 8, "seed": 2}, "algorithm": "Follower"}, {"metrics": {"avg_throughput": 0.369140625}, "env_grid_search": {"map_name": "pico_s17_od10_na32", "num_agents": 8, "seed": 3}, "algorithm": "Follower"}, {"metrics": {"avg_throughput": 0.5390625}, "env_grid_search": {"map_name": "pico_s17_od10_na32", "num_agents": 16, "seed": 2}, "algorithm": "Follower"}, {"metrics": {"avg_throughput": 0.515625}, "env_grid_search": {"map_name": "pico_s17_od10_na32", "num_agents": 16, "seed": 3}, "algorithm": "Follower"}, {"metrics": {"avg_throughput": 1.19140625}, "env_grid_search": {"map_name": "pico_s17_od10_na32", "num_agents": 32, "seed": 2}, "algorithm": "Follower"}, {"metrics": {"avg_throughput": 0.9375}, "env_grid_search": {"map_name": "pico_s17_od10_na32", "num_agents": 32, "seed": 3}, "algorithm": "Follower"}, {"metrics": {"avg_throughput": 3.37890625}, "env_grid_search": {"map_name": "pico_s17_od10_na32", "num_agents": 64, "seed": 2}, "algorithm": "Follower"}, {"metrics": {"avg_throughput": 3.439453125}, "env_grid_search": {"map_name": "pico_s17_od10_na32", "num_agents": 64, "seed": 3}, "algorithm": "Follower"}, {"metrics": {"avg_throughput": 0.384765625}, "env_grid_search": {"map_name": "pico_s18_od10_na32", "num_agents": 8, "seed": 2}, "algorithm": "Follower"}, {"metrics": {"avg_throughput": 0.42578125}, "env_grid_search": {"map_name": "pico_s18_od10_na32", "num_agents": 8, "seed": 3}, "algorithm": "Follower"}, {"metrics": {"avg_throughput": 0.759765625}, "env_grid_search": {"map_name": "pico_s18_od10_na32", "num_agents": 16, "seed": 2}, "algorithm": "Follower"}, {"metrics": {"avg_throughput": 0.86328125}, "env_grid_search": {"map_name": "pico_s18_od10_na32", "num_agents": 16, "seed": 3}, "algorithm": "Follower"}, {"metrics": {"avg_throughput": 0.939453125}, "env_grid_search": {"map_name": "pico_s18_od10_na32", "num_agents": 32, "seed": 2}, "algorithm": "Follower"}, {"metrics": {"avg_throughput": 0.974609375}, "env_grid_search": {"map_name": "pico_s18_od10_na32", "num_agents": 32, "seed": 3}, "algorithm": "Follower"}, {"metrics": {"avg_throughput": 3.29296875}, "env_grid_search": {"map_name": "pico_s18_od10_na32", "num_agents": 64, "seed": 2}, "algorithm": "Follower"}, {"metrics": {"avg_throughput": 3.392578125}, "env_grid_search": {"map_name": "pico_s18_od10_na32", "num_agents": 64, "seed": 3}, "algorithm": "Follower"}, {"metrics": {"avg_throughput": 0.583984375}, "env_grid_search": {"map_name": "pico_s19_od10_na32", "num_agents": 8, "seed": 2}, "algorithm": "Follower"}, {"metrics": {"avg_throughput": 0.453125}, "env_grid_search": {"map_name": "pico_s19_od10_na32", "num_agents": 8, "seed": 3}, "algorithm": "Follower"}, {"metrics": {"avg_throughput": 1.015625}, "env_grid_search": {"map_name": "pico_s19_od10_na32", "num_agents": 16, "seed": 2}, "algorithm": "Follower"}, {"metrics": {"avg_throughput": 1.091796875}, "env_grid_search": {"map_name": "pico_s19_od10_na32", "num_agents": 16, "seed": 3}, "algorithm": "Follower"}, {"metrics": {"avg_throughput": 1.283203125}, "env_grid_search": {"map_name": "pico_s19_od10_na32", "num_agents": 32, "seed": 2}, "algorithm": "Follower"}, {"metrics": {"avg_throughput": 0.9765625}, "env_grid_search": {"map_name": "pico_s19_od10_na32", "num_agents": 32, "seed": 3}, "algorithm": "Follower"}, {"metrics": {"avg_throughput": 3.57421875}, "env_grid_search": {"map_name": "pico_s19_od10_na32", "num_agents": 64, "seed": 2}, "algorithm": "Follower"}, {"metrics": {"avg_throughput": 3.166015625}, "env_grid_search": {"map_name": "pico_s19_od10_na32", "num_agents": 64, "seed": 3}, "algorithm": "Follower"}, {"metrics": {"avg_throughput": 0.359375}, "env_grid_search": {"map_name": "pico_s20_od30_na32", "num_agents": 8, "seed": 2}, "algorithm": "Follower"}, {"metrics": {"avg_throughput": 0.2890625}, "env_grid_search": {"map_name": "pico_s20_od30_na32", "num_agents": 8, "seed": 3}, "algorithm": "Follower"}, {"metrics": {"avg_throughput": 0.56640625}, "env_grid_search": {"map_name": "pico_s20_od30_na32", "num_agents": 16, "seed": 2}, "algorithm": "Follower"}, {"metrics": {"avg_throughput": 1.126953125}, "env_grid_search": {"map_name": "pico_s20_od30_na32", "num_agents": 16, "seed": 3}, "algorithm": "Follower"}, {"metrics": {"avg_throughput": 0.7265625}, "env_grid_search": {"map_name": "pico_s20_od30_na32", "num_agents": 32, "seed": 2}, "algorithm": "Follower"}, {"metrics": {"avg_throughput": 1.75390625}, "env_grid_search": {"map_name": "pico_s20_od30_na32", "num_agents": 32, "seed": 3}, "algorithm": "Follower"}, {"metrics": {"avg_throughput": 0.974609375}, "env_grid_search": {"map_name": "pico_s20_od30_na32", "num_agents": 64, "seed": 2}, "algorithm": "Follower"}, {"metrics": {"avg_throughput": 1.171875}, "env_grid_search": {"map_name": "pico_s20_od30_na32", "num_agents": 64, "seed": 3}, "algorithm": "Follower"}, {"metrics": {"avg_throughput": 0.2265625}, "env_grid_search": {"map_name": "pico_s21_od30_na32", "num_agents": 8, "seed": 2}, "algorithm": "Follower"}, {"metrics": {"avg_throughput": 0.220703125}, "env_grid_search": {"map_name": "pico_s21_od30_na32", "num_agents": 8, "seed": 3}, "algorithm": "Follower"}, {"metrics": {"avg_throughput": 0.46484375}, "env_grid_search": {"map_name": "pico_s21_od30_na32", "num_agents": 16, "seed": 2}, "algorithm": "Follower"}, {"metrics": {"avg_throughput": 0.41015625}, "env_grid_search": {"map_name": "pico_s21_od30_na32", "num_agents": 16, "seed": 3}, "algorithm": "Follower"}, {"metrics": {"avg_throughput": 0.576171875}, "env_grid_search": {"map_name": "pico_s21_od30_na32", "num_agents": 32, "seed": 2}, "algorithm": "Follower"}, {"metrics": {"avg_throughput": 0.673828125}, "env_grid_search": {"map_name": "pico_s21_od30_na32", "num_agents": 32, "seed": 3}, "algorithm": "Follower"}, {"metrics": {"avg_throughput": 0.513671875}, "env_grid_search": {"map_name": "pico_s21_od30_na32", "num_agents": 64, "seed": 2}, "algorithm": "Follower"}, {"metrics": {"avg_throughput": 0.529296875}, "env_grid_search": {"map_name": "pico_s21_od30_na32", "num_agents": 64, "seed": 3}, "algorithm": "Follower"}, {"metrics": {"avg_throughput": 0.625}, "env_grid_search": {"map_name": "pico_s22_od30_na32", "num_agents": 8, "seed": 2}, "algorithm": "Follower"}, {"metrics": {"avg_throughput": 0.58984375}, "env_grid_search": {"map_name": "pico_s22_od30_na32", "num_agents": 8, "seed": 3}, "algorithm": "Follower"}, {"metrics": {"avg_throughput": 0.94921875}, "env_grid_search": {"map_name": "pico_s22_od30_na32", "num_agents": 16, "seed": 2}, "algorithm": "Follower"}, {"metrics": {"avg_throughput": 0.857421875}, "env_grid_search": {"map_name": "pico_s22_od30_na32", "num_agents": 16, "seed": 3}, "algorithm": "Follower"}, {"metrics": {"avg_throughput": 1.6640625}, "env_grid_search": {"map_name": "pico_s22_od30_na32", "num_agents": 32, "seed": 2}, "algorithm": "Follower"}, {"metrics": {"avg_throughput": 1.052734375}, "env_grid_search": {"map_name": "pico_s22_od30_na32", "num_agents": 32, "seed": 3}, "algorithm": "Follower"}, {"metrics": {"avg_throughput": 2.12109375}, "env_grid_search": {"map_name": "pico_s22_od30_na32", "num_agents": 64, "seed": 2}, "algorithm": "Follower"}, {"metrics": {"avg_throughput": 2.0}, "env_grid_search": {"map_name": "pico_s22_od30_na32", "num_agents": 64, "seed": 3}, "algorithm": "Follower"}, {"metrics": {"avg_throughput": 0.40625}, "env_grid_search": {"map_name": "pico_s23_od30_na32", "num_agents": 8, "seed": 2}, "algorithm": "Follower"}, {"metrics": {"avg_throughput": 0.30078125}, "env_grid_search": {"map_name": "pico_s23_od30_na32", "num_agents": 8, "seed": 3}, "algorithm": "Follower"}, {"metrics": {"avg_throughput": 0.671875}, "env_grid_search": {"map_name": "pico_s23_od30_na32", "num_agents": 16, "seed": 2}, "algorithm": "Follower"}, {"metrics": {"avg_throughput": 0.552734375}, "env_grid_search": {"map_name": "pico_s23_od30_na32", "num_agents": 16, "seed": 3}, "algorithm": "Follower"}, {"metrics": {"avg_throughput": 1.12890625}, "env_grid_search": {"map_name": "pico_s23_od30_na32", "num_agents": 32, "seed": 2}, "algorithm": "Follower"}, {"metrics": {"avg_throughput": 1.126953125}, "env_grid_search": {"map_name": "pico_s23_od30_na32", "num_agents": 32, "seed": 3}, "algorithm": "Follower"}, {"metrics": {"avg_throughput": 0.8984375}, "env_grid_search": {"map_name": "pico_s23_od30_na32", "num_agents": 64, "seed": 2}, "algorithm": "Follower"}, {"metrics": {"avg_throughput": 1.060546875}, "env_grid_search": {"map_name": "pico_s23_od30_na32", "num_agents": 64, "seed": 3}, "algorithm": "Follower"}, {"metrics": {"avg_throughput": 0.26953125}, "env_grid_search": {"map_name": "pico_s24_od30_na32", "num_agents": 8, "seed": 2}, "algorithm": "Follower"}, {"metrics": {"avg_throughput": 0.333984375}, "env_grid_search": {"map_name": "pico_s24_od30_na32", "num_agents": 8, "seed": 3}, "algorithm": "Follower"}, {"metrics": {"avg_throughput": 0.580078125}, "env_grid_search": {"map_name": "pico_s24_od30_na32", "num_agents": 16, "seed": 2}, "algorithm": "Follower"}, {"metrics": {"avg_throughput": 0.814453125}, "env_grid_search": {"map_name": "pico_s24_od30_na32", "num_agents": 16, "seed": 3}, "algorithm": "Follower"}, {"metrics": {"avg_throughput": 1.056640625}, "env_grid_search": {"map_name": "pico_s24_od30_na32", "num_agents": 32, "seed": 2}, "algorithm": "Follower"}, {"metrics": {"avg_throughput": 0.771484375}, "env_grid_search": {"map_name": "pico_s24_od30_na32", "num_agents": 32, "seed": 3}, "algorithm": "Follower"}, {"metrics": {"avg_throughput": 0.70703125}, "env_grid_search": {"map_name": "pico_s24_od30_na32", "num_agents": 64, "seed": 2}, "algorithm": "Follower"}, {"metrics": {"avg_throughput": 0.47265625}, "env_grid_search": {"map_name": "pico_s24_od30_na32", "num_agents": 64, "seed": 3}, "algorithm": "Follower"}, {"metrics": {"avg_throughput": 0.201171875}, "env_grid_search": {"map_name": "pico_s25_od30_na32", "num_agents": 8, "seed": 2}, "algorithm": "Follower"}, {"metrics": {"avg_throughput": 0.412109375}, "env_grid_search": {"map_name": "pico_s25_od30_na32", "num_agents": 8, "seed": 3}, "algorithm": "Follower"}, {"metrics": {"avg_throughput": 0.40234375}, "env_grid_search": {"map_name": "pico_s25_od30_na32", "num_agents": 16, "seed": 2}, "algorithm": "Follower"}, {"metrics": {"avg_throughput": 0.44921875}, "env_grid_search": {"map_name": "pico_s25_od30_na32", "num_agents": 16, "seed": 3}, "algorithm": "Follower"}, {"metrics": {"avg_throughput": 0.384765625}, "env_grid_search": {"map_name": "pico_s25_od30_na32", "num_agents": 32, "seed": 2}, "algorithm": "Follower"}, {"metrics": {"avg_throughput": 0.537109375}, "env_grid_search": {"map_name": "pico_s25_od30_na32", "num_agents": 32, "seed": 3}, "algorithm": "Follower"}, {"metrics": {"avg_throughput": 0.9921875}, "env_grid_search": {"map_name": "pico_s25_od30_na32", "num_agents": 64, "seed": 2}, "algorithm": "Follower"}, {"metrics": {"avg_throughput": 1.10546875}, "env_grid_search": {"map_name": "pico_s25_od30_na32", "num_agents": 64, "seed": 3}, "algorithm": "Follower"}, {"metrics": {"avg_throughput": 0.267578125}, "env_grid_search": {"map_name": "pico_s26_od30_na32", "num_agents": 8, "seed": 2}, "algorithm": "Follower"}, {"metrics": {"avg_throughput": 0.275390625}, "env_grid_search": {"map_name": "pico_s26_od30_na32", "num_agents": 8, "seed": 3}, "algorithm": "Follower"}, {"metrics": {"avg_throughput": 0.47265625}, "env_grid_search": {"map_name": "pico_s26_od30_na32", "num_agents": 16, "seed": 2}, "algorithm": "Follower"}, {"metrics": {"avg_throughput": 0.52734375}, "env_grid_search": {"map_name": "pico_s26_od30_na32", "num_agents": 16, "seed": 3}, "algorithm": "Follower"}, {"metrics": {"avg_throughput": 1.041015625}, "env_grid_search": {"map_name": "pico_s26_od30_na32", "num_agents": 32, "seed": 2}, "algorithm": "Follower"}, {"metrics": {"avg_throughput": 1.060546875}, "env_grid_search": {"map_name": "pico_s26_od30_na32", "num_agents": 32, "seed": 3}, "algorithm": "Follower"}, {"metrics": {"avg_throughput": 1.12109375}, "env_grid_search": {"map_name": "pico_s26_od30_na32", "num_agents": 64, "seed": 2}, "algorithm": "Follower"}, {"metrics": {"avg_throughput": 1.052734375}, "env_grid_search": {"map_name": "pico_s26_od30_na32", "num_agents": 64, "seed": 3}, "algorithm": "Follower"}, {"metrics": {"avg_throughput": 0.189453125}, "env_grid_search": {"map_name": "pico_s27_od30_na32", "num_agents": 8, "seed": 2}, "algorithm": "Follower"}, {"metrics": {"avg_throughput": 0.20703125}, "env_grid_search": {"map_name": "pico_s27_od30_na32", "num_agents": 8, "seed": 3}, "algorithm": "Follower"}, {"metrics": {"avg_throughput": 0.458984375}, "env_grid_search": {"map_name": "pico_s27_od30_na32", "num_agents": 16, "seed": 2}, "algorithm": "Follower"}, {"metrics": {"avg_throughput": 0.556640625}, "env_grid_search": {"map_name": "pico_s27_od30_na32", "num_agents": 16, "seed": 3}, "algorithm": "Follower"}, {"metrics": {"avg_throughput": 1.314453125}, "env_grid_search": {"map_name": "pico_s27_od30_na32", "num_agents": 32, "seed": 2}, "algorithm": "Follower"}, {"metrics": {"avg_throughput": 1.31640625}, "env_grid_search": {"map_name": "pico_s27_od30_na32", "num_agents": 32, "seed": 3}, "algorithm": "Follower"}, {"metrics": {"avg_throughput": 1.2109375}, "env_grid_search": {"map_name": "pico_s27_od30_na32", "num_agents": 64, "seed": 2}, "algorithm": "Follower"}, {"metrics": {"avg_throughput": 0.869140625}, "env_grid_search": {"map_name": "pico_s27_od30_na32", "num_agents": 64, "seed": 3}, "algorithm": "Follower"}, {"metrics": {"avg_throughput": 0.095703125}, "env_grid_search": {"map_name": "pico_s28_od30_na32", "num_agents": 8, "seed": 2}, "algorithm": "Follower"}, {"metrics": {"avg_throughput": 0.1328125}, "env_grid_search": {"map_name": "pico_s28_od30_na32", "num_agents": 8, "seed": 3}, "algorithm": "Follower"}, {"metrics": {"avg_throughput": 0.390625}, "env_grid_search": {"map_name": "pico_s28_od30_na32", "num_agents": 16, "seed": 2}, "algorithm": "Follower"}, {"metrics": {"avg_throughput": 0.41015625}, "env_grid_search": {"map_name": "pico_s28_od30_na32", "num_agents": 16, "seed": 3}, "algorithm": "Follower"}, {"metrics": {"avg_throughput": 0.43359375}, "env_grid_search": {"map_name": "pico_s28_od30_na32", "num_agents": 32, "seed": 2}, "algorithm": "Follower"}, {"metrics": {"avg_throughput": 0.640625}, "env_grid_search": {"map_name": "pico_s28_od30_na32", "num_agents": 32, "seed": 3}, "algorithm": "Follower"}, {"metrics": {"avg_throughput": 0.2734375}, "env_grid_search": {"map_name": "pico_s28_od30_na32", "num_agents": 64, "seed": 2}, "algorithm": "Follower"}, {"metrics": {"avg_throughput": 0.318359375}, "env_grid_search": {"map_name": "pico_s28_od30_na32", "num_agents": 64, "seed": 3}, "algorithm": "Follower"}, {"metrics": {"avg_throughput": 0.177734375}, "env_grid_search": {"map_name": "pico_s29_od30_na32", "num_agents": 8, "seed": 2}, "algorithm": "Follower"}, {"metrics": {"avg_throughput": 0.322265625}, "env_grid_search": {"map_name": "pico_s29_od30_na32", "num_agents": 8, "seed": 3}, "algorithm": "Follower"}, {"metrics": {"avg_throughput": 0.337890625}, "env_grid_search": {"map_name": "pico_s29_od30_na32", "num_agents": 16, "seed": 2}, "algorithm": "Follower"}, {"metrics": {"avg_throughput": 0.3203125}, "env_grid_search": {"map_name": "pico_s29_od30_na32", "num_agents": 16, "seed": 3}, "algorithm": "Follower"}, {"metrics": {"avg_throughput": 0.498046875}, "env_grid_search": {"map_name": "pico_s29_od30_na32", "num_agents": 32, "seed": 2}, "algorithm": "Follower"}, {"metrics": {"avg_throughput": 0.46875}, "env_grid_search": {"map_name": "pico_s29_od30_na32", "num_agents": 32, "seed": 3}, "algorithm": "Follower"}, {"metrics": {"avg_throughput": 0.21875}, "env_grid_search": {"map_name": "pico_s29_od30_na32", "num_agents": 64, "seed": 2}, "algorithm": "Follower"}, {"metrics": {"avg_throughput": 0.302734375}, "env_grid_search": {"map_name": "pico_s29_od30_na32", "num_agents": 64, "seed": 3}, "algorithm": "Follower"}, {"metrics": {"avg_throughput": 0.294921875}, "env_grid_search": {"map_name": "pico_s30_od0_na32", "num_agents": 8, "seed": 2}, "algorithm": "Follower"}, {"metrics": {"avg_throughput": 0.26953125}, "env_grid_search": {"map_name": "pico_s30_od0_na32", "num_agents": 8, "seed": 3}, "algorithm": "Follower"}, {"metrics": {"avg_throughput": 0.919921875}, "env_grid_search": {"map_name": "pico_s30_od0_na32", "num_agents": 16, "seed": 2}, "algorithm": "Follower"}, {"metrics": {"avg_throughput": 0.880859375}, "env_grid_search": {"map_name": "pico_s30_od0_na32", "num_agents": 16, "seed": 3}, "algorithm": "Follower"}, {"metrics": {"avg_throughput": 2.166015625}, "env_grid_search": {"map_name": "pico_s30_od0_na32", "num_agents": 32, "seed": 2}, "algorithm": "Follower"}, {"metrics": {"avg_throughput": 2.154296875}, "env_grid_search": {"map_name": "pico_s30_od0_na32", "num_agents": 32, "seed": 3}, "algorithm": "Follower"}, {"metrics": {"avg_throughput": 2.494140625}, "env_grid_search": {"map_name": "pico_s30_od0_na32", "num_agents": 64, "seed": 2}, "algorithm": "Follower"}, {"metrics": {"avg_throughput": 3.3046875}, "env_grid_search": {"map_name": "pico_s30_od0_na32", "num_agents": 64, "seed": 3}, "algorithm": "Follower"}, {"metrics": {"avg_throughput": 0.513671875}, "env_grid_search": {"map_name": "pico_s31_od0_na32", "num_agents": 8, "seed": 2}, "algorithm": "Follower"}, {"metrics": {"avg_throughput": 0.453125}, "env_grid_search": {"map_name": "pico_s31_od0_na32", "num_agents": 8, "seed": 3}, "algorithm": "Follower"}, {"metrics": {"avg_throughput": 0.673828125}, "env_grid_search": {"map_name": "pico_s31_od0_na32", "num_agents": 16, "seed": 2}, "algorithm": "Follower"}, {"metrics": {"avg_throughput": 0.65625}, "env_grid_search": {"map_name": "pico_s31_od0_na32", "num_agents": 16, "seed": 3}, "algorithm": "Follower"}, {"metrics": {"avg_throughput": 1.267578125}, "env_grid_search": {"map_name": "pico_s31_od0_na32", "num_agents": 32, "seed": 2}, "algorithm": "Follower"}, {"metrics": {"avg_throughput": 1.919921875}, "env_grid_search": {"map_name": "pico_s31_od0_na32", "num_agents": 32, "seed": 3}, "algorithm": "Follower"}, {"metrics": {"avg_throughput": 3.724609375}, "env_grid_search": {"map_name": "pico_s31_od0_na32", "num_agents": 64, "seed": 2}, "algorithm": "Follower"}, {"metrics": {"avg_throughput": 2.955078125}, "env_grid_search": {"map_name": "pico_s31_od0_na32", "num_agents": 64, "seed": 3}, "algorithm": "Follower"}, {"metrics": {"avg_throughput": 0.521484375}, "env_grid_search": {"map_name": "pico_s32_od0_na32", "num_agents": 8, "seed": 2}, "algorithm": "Follower"}, {"metrics": {"avg_throughput": 0.384765625}, "env_grid_search": {"map_name": "pico_s32_od0_na32", "num_agents": 8, "seed": 3}, "algorithm": "Follower"}, {"metrics": {"avg_throughput": 0.8125}, "env_grid_search": {"map_name": "pico_s32_od0_na32", "num_agents": 16, "seed": 2}, "algorithm": "Follower"}, {"metrics": {"avg_throughput": 1.126953125}, "env_grid_search": {"map_name": "pico_s32_od0_na32", "num_agents": 16, "seed": 3}, "algorithm": "Follower"}, {"metrics": {"avg_throughput": 2.16796875}, "env_grid_search": {"map_name": "pico_s32_od0_na32", "num_agents": 32, "seed": 2}, "algorithm": "Follower"}, {"metrics": {"avg_throughput": 2.15625}, "env_grid_search": {"map_name": "pico_s32_od0_na32", "num_agents": 32, "seed": 3}, "algorithm": "Follower"}, {"metrics": {"avg_throughput": 2.9296875}, "env_grid_search": {"map_name": "pico_s32_od0_na32", "num_agents": 64, "seed": 2}, "algorithm": "Follower"}, {"metrics": {"avg_throughput": 2.515625}, "env_grid_search": {"map_name": "pico_s32_od0_na32", "num_agents": 64, "seed": 3}, "algorithm": "Follower"}, {"metrics": {"avg_throughput": 0.28515625}, "env_grid_search": {"map_name": "pico_s33_od0_na32", "num_agents": 8, "seed": 2}, "algorithm": "Follower"}, {"metrics": {"avg_throughput": 0.33203125}, "env_grid_search": {"map_name": "pico_s33_od0_na32", "num_agents": 8, "seed": 3}, "algorithm": "Follower"}, {"metrics": {"avg_throughput": 0.560546875}, "env_grid_search": {"map_name": "pico_s33_od0_na32", "num_agents": 16, "seed": 2}, "algorithm": "Follower"}, {"metrics": {"avg_throughput": 0.552734375}, "env_grid_search": {"map_name": "pico_s33_od0_na32", "num_agents": 16, "seed": 3}, "algorithm": "Follower"}, {"metrics": {"avg_throughput": 1.0546875}, "env_grid_search": {"map_name": "pico_s33_od0_na32", "num_agents": 32, "seed": 2}, "algorithm": "Follower"}, {"metrics": {"avg_throughput": 0.9765625}, "env_grid_search": {"map_name": "pico_s33_od0_na32", "num_agents": 32, "seed": 3}, "algorithm": "Follower"}, {"metrics": {"avg_throughput": 2.501953125}, "env_grid_search": {"map_name": "pico_s33_od0_na32", "num_agents": 64, "seed": 2}, "algorithm": "Follower"}, {"metrics": {"avg_throughput": 2.5078125}, "env_grid_search": {"map_name": "pico_s33_od0_na32", "num_agents": 64, "seed": 3}, "algorithm": "Follower"}, {"metrics": {"avg_throughput": 0.41015625}, "env_grid_search": {"map_name": "pico_s34_od0_na32", "num_agents": 8, "seed": 2}, "algorithm": "Follower"}, {"metrics": {"avg_throughput": 0.373046875}, "env_grid_search": {"map_name": "pico_s34_od0_na32", "num_agents": 8, "seed": 3}, "algorithm": "Follower"}, {"metrics": {"avg_throughput": 0.814453125}, "env_grid_search": {"map_name": "pico_s34_od0_na32", "num_agents": 16, "seed": 2}, "algorithm": "Follower"}, {"metrics": {"avg_throughput": 0.87109375}, "env_grid_search": {"map_name": "pico_s34_od0_na32", "num_agents": 16, "seed": 3}, "algorithm": "Follower"}, {"metrics": {"avg_throughput": 2.1640625}, "env_grid_search": {"map_name": "pico_s34_od0_na32", "num_agents": 32, "seed": 2}, "algorithm": "Follower"}, {"metrics": {"avg_throughput": 2.109375}, "env_grid_search": {"map_name": "pico_s34_od0_na32", "num_agents": 32, "seed": 3}, "algorithm": "Follower"}, {"metrics": {"avg_throughput": 2.419921875}, "env_grid_search": {"map_name": "pico_s34_od0_na32", "num_agents": 64, "seed": 2}, "algorithm": "Follower"}, {"metrics": {"avg_throughput": 2.416015625}, "env_grid_search": {"map_name": "pico_s34_od0_na32", "num_agents": 64, "seed": 3}, "algorithm": "Follower"}, {"metrics": {"avg_throughput": 0.5859375}, "env_grid_search": {"map_name": "pico_s35_od0_na32", "num_agents": 8, "seed": 2}, "algorithm": "Follower"}, {"metrics": {"avg_throughput": 0.572265625}, "env_grid_search": {"map_name": "pico_s35_od0_na32", "num_agents": 8, "seed": 3}, "algorithm": "Follower"}, {"metrics": {"avg_throughput": 0.58984375}, "env_grid_search": {"map_name": "pico_s35_od0_na32", "num_agents": 16, "seed": 2}, "algorithm": "Follower"}, {"metrics": {"avg_throughput": 0.560546875}, "env_grid_search": {"map_name": "pico_s35_od0_na32", "num_agents": 16, "seed": 3}, "algorithm": "Follower"}, {"metrics": {"avg_throughput": 1.275390625}, "env_grid_search": {"map_name": "pico_s35_od0_na32", "num_agents": 32, "seed": 2}, "algorithm": "Follower"}, {"metrics": {"avg_throughput": 1.224609375}, "env_grid_search": {"map_name": "pico_s35_od0_na32", "num_agents": 32, "seed": 3}, "algorithm": "Follower"}, {"metrics": {"avg_throughput": 2.494140625}, "env_grid_search": {"map_name": "pico_s35_od0_na32", "num_agents": 64, "seed": 2}, "algorithm": "Follower"}, {"metrics": {"avg_throughput": 2.494140625}, "env_grid_search": {"map_name": "pico_s35_od0_na32", "num_agents": 64, "seed": 3}, "algorithm": "Follower"}, {"metrics": {"avg_throughput": 0.45703125}, "env_grid_search": {"map_name": "pico_s36_od0_na32", "num_agents": 8, "seed": 2}, "algorithm": "Follower"}, {"metrics": {"avg_throughput": 0.451171875}, "env_grid_search": {"map_name": "pico_s36_od0_na32", "num_agents": 8, "seed": 3}, "algorithm": "Follower"}, {"metrics": {"avg_throughput": 0.927734375}, "env_grid_search": {"map_name": "pico_s36_od0_na32", "num_agents": 16, "seed": 2}, "algorithm": "Follower"}, {"metrics": {"avg_throughput": 0.751953125}, "env_grid_search": {"map_name": "pico_s36_od0_na32", "num_agents": 16, "seed": 3}, "algorithm": "Follower"}, {"metrics": {"avg_throughput": 1.501953125}, "env_grid_search": {"map_name": "pico_s36_od0_na32", "num_agents": 32, "seed": 2}, "algorithm": "Follower"}, {"metrics": {"avg_throughput": 1.44140625}, "env_grid_search": {"map_name": "pico_s36_od0_na32", "num_agents": 32, "seed": 3}, "algorithm": "Follower"}, {"metrics": {"avg_throughput": 2.4765625}, "env_grid_search": {"map_name": "pico_s36_od0_na32", "num_agents": 64, "seed": 2}, "algorithm": "Follower"}, {"metrics": {"avg_throughput": 2.9296875}, "env_grid_search": {"map_name": "pico_s36_od0_na32", "num_agents": 64, "seed": 3}, "algorithm": "Follower"}, {"metrics": {"avg_throughput": 0.51953125}, "env_grid_search": {"map_name": "pico_s37_od0_na32", "num_agents": 8, "seed": 2}, "algorithm": "Follower"}, {"metrics": {"avg_throughput": 0.51171875}, "env_grid_search": {"map_name": "pico_s37_od0_na32", "num_agents": 8, "seed": 3}, "algorithm": "Follower"}, {"metrics": {"avg_throughput": 0.58203125}, "env_grid_search": {"map_name": "pico_s37_od0_na32", "num_agents": 16, "seed": 2}, "algorithm": "Follower"}, {"metrics": {"avg_throughput": 0.560546875}, "env_grid_search": {"map_name": "pico_s37_od0_na32", "num_agents": 16, "seed": 3}, "algorithm": "Follower"}, {"metrics": {"avg_throughput": 1.7421875}, "env_grid_search": {"map_name": "pico_s37_od0_na32", "num_agents": 32, "seed": 2}, "algorithm": "Follower"}, {"metrics": {"avg_throughput": 1.689453125}, "env_grid_search": {"map_name": "pico_s37_od0_na32", "num_agents": 32, "seed": 3}, "algorithm": "Follower"}, {"metrics": {"avg_throughput": 2.86328125}, "env_grid_search": {"map_name": "pico_s37_od0_na32", "num_agents": 64, "seed": 2}, "algorithm": "Follower"}, {"metrics": {"avg_throughput": 2.94921875}, "env_grid_search": {"map_name": "pico_s37_od0_na32", "num_agents": 64, "seed": 3}, "algorithm": "Follower"}, {"metrics": {"avg_throughput": 0.517578125}, "env_grid_search": {"map_name": "pico_s38_od0_na32", "num_agents": 8, "seed": 2}, "algorithm": "Follower"}, {"metrics": {"avg_throughput": 0.44921875}, "env_grid_search": {"map_name": "pico_s38_od0_na32", "num_agents": 8, "seed": 3}, "algorithm": "Follower"}, {"metrics": {"avg_throughput": 0.787109375}, "env_grid_search": {"map_name": "pico_s38_od0_na32", "num_agents": 16, "seed": 2}, "algorithm": "Follower"}, {"metrics": {"avg_throughput": 0.76953125}, "env_grid_search": {"map_name": "pico_s38_od0_na32", "num_agents": 16, "seed": 3}, "algorithm": "Follower"}, {"metrics": {"avg_throughput": 1.25}, "env_grid_search": {"map_name": "pico_s38_od0_na32", "num_agents": 32, "seed": 2}, "algorithm": "Follower"}, {"metrics": {"avg_throughput": 1.220703125}, "env_grid_search": {"map_name": "pico_s38_od0_na32", "num_agents": 32, "seed": 3}, "algorithm": "Follower"}, {"metrics": {"avg_throughput": 2.853515625}, "env_grid_search": {"map_name": "pico_s38_od0_na32", "num_agents": 64, "seed": 2}, "algorithm": "Follower"}, {"metrics": {"avg_throughput": 2.89453125}, "env_grid_search": {"map_name": "pico_s38_od0_na32", "num_agents": 64, "seed": 3}, "algorithm": "Follower"}, {"metrics": {"avg_throughput": 0.51953125}, "env_grid_search": {"map_name": "pico_s39_od0_na32", "num_agents": 8, "seed": 2}, "algorithm": "Follower"}, {"metrics": {"avg_throughput": 0.51171875}, "env_grid_search": {"map_name": "pico_s39_od0_na32", "num_agents": 8, "seed": 3}, "algorithm": "Follower"}, {"metrics": {"avg_throughput": 1.029296875}, "env_grid_search": {"map_name": "pico_s39_od0_na32", "num_agents": 16, "seed": 2}, "algorithm": "Follower"}, {"metrics": {"avg_throughput": 1.001953125}, "env_grid_search": {"map_name": "pico_s39_od0_na32", "num_agents": 16, "seed": 3}, "algorithm": "Follower"}, {"metrics": {"avg_throughput": 1.9375}, "env_grid_search": {"map_name": "pico_s39_od0_na32", "num_agents": 32, "seed": 2}, "algorithm": "Follower"}, {"metrics": {"avg_throughput": 1.01171875}, "env_grid_search": {"map_name": "pico_s39_od0_na32", "num_agents": 32, "seed": 3}, "algorithm": "Follower"}, {"metrics": {"avg_throughput": 3.2890625}, "env_grid_search": {"map_name": "pico_s39_od0_na32", "num_agents": 64, "seed": 2}, "algorithm": "Follower"}, {"metrics": {"avg_throughput": 3.763671875}, "env_grid_search": {"map_name": "pico_s39_od0_na32", "num_agents": 64, "seed": 3}, "algorithm": "Follower"}]